﻿subject,condition,cheat,prior,priorMemory,difficulty,engagement,interest,JOL,mentalEffort
59648,A,"No, I did not cheat",Yes,3,2,4,4,100,1
61814,A,"No, I did not cheat",No,0,6,8,5,60,7
61864,A,"No, I did not cheat",Yes,5,7,6,8,90,2
61883,A,"No, I did not cheat",No,0,1,0,0,70,2
61886,A,"No, I did not cheat",No,0,9,1,0,50,6
61944,A,"No, I did not cheat",No,0,4,3,1,40,5
61946,A,"No, I did not cheat",No,0,7,3,3,60,7
61948,A,"No, I did not cheat",No,0,10,8,9,80,8
61950,A,"No, I did not cheat",No,0,6,9,8,90,8
61955,A,"No, I did not cheat",Yes,6,6,5,2,100,7
61984,A,"No, I did not cheat",No,0,7,4,2,20,6
61985,A,"No, I did not cheat",No,0,8,7,5,50,7
61999,A,"No, I did not cheat",No,0,7,2,2,30,5
62032,A,"No, I did not cheat",No,7,7,7,2,70,3
62039,A,"No, I did not cheat",Yes,0,7,9,0,20,5
62137,A,"No, I did not cheat",No,0,6,1,1,50,2
62143,A,"No, I did not cheat",Yes,0,2,7,1,90,2
62153,A,"No, I did not cheat",No,0,1,8,1,100,5
62163,A,"No, I did not cheat",Yes,6,8,3,3,50,5
62175,A,"No, I did not cheat",No,0,10,0,0,50,6
62188,A,"No, I did not cheat",No,0,6,2,0,20,4
62219,A,"No, I did not cheat",No,0,4,6,2,40,6
62220,A,"No, I did not cheat",No,0,7,9,1,70,8
62231,A,"No, I did not cheat",No,2,5,0,0,50,6
62239,A,"No, I did not cheat",No,0,7,2,2,60,5
62263,A,"No, I did not cheat",No,0,6,4,1,80,6
62293,A,"No, I did not cheat",No,0,6,7,4,80,5
62384,A,"No, I did not cheat",No,0,8,2,0,70,6
62399,A,"No, I did not cheat",No,0,8,4,3,50,7
62424,A,"No, I did not cheat",No,0,5,5,5,40,7
62432,A,"No, I did not cheat",Yes,4,8,7,2,60,6
62514,A,"No, I did not cheat",Yes,4,2,4,2,100,3
62530,A,"No, I did not cheat",Yes,3,6,6,3,70,5
62662,A,"No, I did not cheat",No,0,3,8,2,90,3
62692,A,"No, I did not cheat",No,0,6,4,3,70,2
62758,A,"No, I did not cheat",No,0,8,0,0,10,9
62765,A,"No, I did not cheat",No,0,0,0,0,0,1
62771,A,"No, I did not cheat",No,0,8,9,7,70,7
62841,A,"No, I did not cheat",No,0,10,7,0,0,9
63033,A,"No, I did not cheat",No,0,3,10,9,100,8
63039,A,"No, I did not cheat",Yes,1,8,2,2,70,8
63086,A,"No, I did not cheat",No,0,5,0,0,50,3
63126,A,"No, I did not cheat",No,0,7,8,9,40,8
63133,A,"No, I did not cheat",No,0,2,8,8,20,7
63139,A,"No, I did not cheat",No,0,5,6,5,60,6
63140,A,"No, I did not cheat",No,0,3,8,7,90,6
63152,A,"No, I did not cheat",No,0,6,5,4,70,5
63198,A,"No, I did not cheat",Yes,1,7,8,1,60,6
63215,A,"No, I did not cheat",No,0,9,6,2,70,7
63244,A,"No, I did not cheat",No,0,1,1,1,10,3
63246,A,"No, I did not cheat",No,0,4,7,8,50,5
63253,A,"No, I did not cheat",Yes,0,8,8,3,60,6
63259,A,"No, I did not cheat",No,0,3,5,6,40,8
63353,A,"No, I did not cheat",No,0,2,3,2,70,6
63369,A,"No, I did not cheat",No,0,5,2,1,60,4
63373,A,"No, I did not cheat",No,0,5,1,0,10,2
63404,A,"No, I did not cheat",No,0,3,0,1,40,9
63412,A,"No, I did not cheat",No,0,7,4,3,40,7
63530,A,"No, I did not cheat",No,0,4,9,4,90,6
63572,A,"No, I did not cheat",No,0,5,7,8,80,5
59646,B,"No, I did not cheat",Yes,1,2,2,2,100,2
60194,B,"No, I did not cheat",No,0,5,4,3,30,6
61412,B,"No, I did not cheat",No,0,6,7,2,50,5
61823,B,"No, I did not cheat",No,0,5,6,7,80,5
61831,B,"No, I did not cheat",No,0,5,5,6,100,8
61933,B,"No, I did not cheat",Yes,4,5,0,1,20,4
61945,B,"No, I did not cheat",No,0,2,4,8,90,3
61991,B,"No, I did not cheat",No,0,5,2,0,30,4
62001,B,"No, I did not cheat",Yes,1,5,2,3,30,7
62004,B,"No, I did not cheat",No,0,9,2,2,50,7
62006,B,"No, I did not cheat",No,0,5,2,2,50,4
62023,B,"No, I did not cheat",No,0,4,3,1,60,5
62024,B,"No, I did not cheat",No,0,10,0,0,20,5
62040,B,"No, I did not cheat",No,0,8,1,0,10,9
62043,B,"No, I did not cheat",Yes,4,7,3,2,70,7
62045,B,"No, I did not cheat",No,0,5,6,3,50,6
62186,B,"No, I did not cheat",No,0,7,10,8,90,8
62208,B,"No, I did not cheat",No,0,7,4,6,70,7
62211,B,"No, I did not cheat",Yes,0,7,3,5,60,4
62257,B,"No, I did not cheat",No,0,9,0,0,10,2
62271,B,"No, I did not cheat",No,0,0,1,0,40,3
62307,B,"No, I did not cheat",Yes,0,6,4,4,40,5
62379,B,"No, I did not cheat",No,0,2,0,0,80,3
62380,B,"No, I did not cheat",No,0,4,5,4,70,5
62428,B,"No, I did not cheat",No,0,6,7,5,100,4
62519,B,"No, I did not cheat",No,0,2,5,4,70,6
62566,B,"No, I did not cheat",No,0,4,3,6,90,5
62583,B,"No, I did not cheat",No,0,3,7,10,80,4
62596,B,"No, I did not cheat",No,0,10,0,0,0,9
62604,B,"No, I did not cheat",No,0,9,0,0,20,3
62624,B,"No, I did not cheat",No,0,8,6,3,70,7
62626,B,"No, I did not cheat",No,0,7,6,6,70,6
62658,B,"No, I did not cheat",No,0,4,2,3,100,3
62685,B,"No, I did not cheat",Yes,5,5,7,6,80,7
62792,B,"No, I did not cheat",No,0,2,0,3,70,4
62858,B,"No, I did not cheat",No,0,9,0,1,10,9
62859,B,"No, I did not cheat",Yes,3,5,4,1,50,6
63023,B,"No, I did not cheat",No,0,4,6,4,90,4
63035,B,"No, I did not cheat",No,0,4,4,3,80,4
63058,B,"No, I did not cheat",No,0,5,9,5,80,7
63082,B,"No, I did not cheat",No,0,8,6,7,20,7
63095,B,"No, I did not cheat",No,0,1,1,0,100,3
63102,B,"No, I did not cheat",No,0,3,1,8,80,4
63147,B,"No, I did not cheat",Yes,7,3,1,2,80,4
63165,B,"No, I did not cheat",No,0,5,5,4,80,5
63172,B,"No, I did not cheat",Yes,2,2,6,5,70,5
63180,B,"No, I did not cheat",No,0,5,3,2,40,4
63216,B,"No, I did not cheat",No,0,7,7,7,70,7
63268,B,"No, I did not cheat",No,0,5,6,7,70,7
63275,B,"No, I did not cheat",No,0,9,7,1,70,9
63302,B,"No, I did not cheat",No,0,5,0,0,40,7
63328,B,"No, I did not cheat",No,0,8,1,0,10,8
63333,B,"No, I did not cheat",No,0,2,4,0,30,4
63384,B,"No, I did not cheat",No,0,3,3,2,70,3
63396,B,"No, I did not cheat",No,0,6,2,2,60,3
63528,B,"No, I did not cheat",No,0,9,6,0,10,7
63535,B,"No, I did not cheat",No,0,3,6,2,70,5
63544,B,"No, I did not cheat",No,0,8,5,4,60,7
63552,B,"No, I did not cheat",No,0,7,0,0,10,1
63553,B,"No, I did not cheat",No,0,4,6,6,90,5