﻿authors,year,experiment,initial,n1,m1,sd1,n2,m2,sd2,type,
Yeo & Fazio   ,2019,E1 - iso,28.3,20,45,40.64,20,56.25,33.81,isomorphic,
van Gog et al.,2015,E1 - iso,50.42,20,50.94,28.12,20,49.69,35.67,isomorphic,
van Gog et al.,2015,E3 - id,53.87,32,52.93,32.92,32,51.7,31.22,identical,
van Gog et al.,2015,E2 - id,64.89,16,56.77,30.91,16,42.65,30.03,identical,
van Gog et al.,2015,E2 - iso,64.89,14,36.61,28.68,16,38.67,25.02,isomorphic,
van Gog et al.,2015,E4 - iso,69.12,30,50,35.51,27,38.43,32.32,isomorphic,
Yeo & Fazio   ,2019,E3* - iso,73.3,20,73.8,36.5,20,64.4,29.3,isomorphic,
Yeo & Fazio   ,2019,E3 - iso,75,20,70.6,33,20,64.4,29.3,isomorphic,
van Gog et al.,2015,E3 - iso,77,28,68.3,30.28,34,59.77,30.02,isomorphic,
Yeo & Fazio   ,2019,E2 - id,85,20,71.3,31.7,20,41.3,35.4,identical,no fb
Yeo & Fazio   ,2019,E2* - id,88.3,20,70,29.1,20,41.3,35.4,identical,fb
