subject,condition,session,question,step,score
1001,PS,practice,2,5,1
1001,PS,practice,3,5,1
1001,PS,practice,4,5,1
1002,PS,practice,2,5,1
1002,PS,practice,3,5,1
1002,PS,practice,4,5,1
1004,PS,practice,2,5,0
1004,PS,practice,3,5,0
1004,PS,practice,4,5,0
1005,PS,practice,2,5,1
1005,PS,practice,3,5,1
1005,PS,practice,4,5,1
1008,PS,practice,2,5,1
1008,PS,practice,3,5,1
1008,PS,practice,4,5,1
1009,PS,practice,2,5,0
1009,PS,practice,3,5,1
1009,PS,practice,4,5,0
1010,PS,practice,2,5,1
1010,PS,practice,3,5,1
1010,PS,practice,4,5,1
1011,PS,practice,2,5,1
1011,PS,practice,3,5,1
1011,PS,practice,4,5,1
1013,PS,practice,2,5,0
1013,PS,practice,3,5,0
1013,PS,practice,4,5,0
1014,PS,practice,2,5,1
1014,PS,practice,3,5,1
1014,PS,practice,4,5,1
1015,PS,practice,2,5,1
1015,PS,practice,3,5,1
1015,PS,practice,4,5,1
1016,PS,practice,2,5,1
1016,PS,practice,3,5,1
1016,PS,practice,4,5,1
1017,PS,practice,2,5,1
1017,PS,practice,3,5,1
1017,PS,practice,4,5,1
1019,PS,practice,2,5,1
1019,PS,practice,3,5,1
1019,PS,practice,4,5,1
1020,PS,practice,2,5,1
1020,PS,practice,3,5,1
1020,PS,practice,4,5,1
1022,PS,practice,2,5,1
1022,PS,practice,3,5,1
1022,PS,practice,4,5,1
1023,PS,practice,2,5,1
1023,PS,practice,3,5,1
1023,PS,practice,4,5,0
1024,PS,practice,2,5,1
1024,PS,practice,3,5,1
1024,PS,practice,4,5,1
1025,PS,practice,2,5,1
1025,PS,practice,3,5,1
1025,PS,practice,4,5,1
1026,PS,practice,2,5,1
1026,PS,practice,3,5,1
1026,PS,practice,4,5,1
1027,PS,practice,2,5,0
1027,PS,practice,3,5,0
1027,PS,practice,4,5,0
1028,PS,practice,2,5,0
1028,PS,practice,3,5,0
1028,PS,practice,4,5,0
1029,PS,practice,2,5,1
1029,PS,practice,3,5,1
1029,PS,practice,4,5,1
1030,PS,practice,2,5,1
1030,PS,practice,3,5,1
1030,PS,practice,4,5,1
1031,PS,practice,2,5,1
1031,PS,practice,3,5,1
1031,PS,practice,4,5,1
1032,PS,practice,2,5,0
1032,PS,practice,3,5,0
1032,PS,practice,4,5,0
1033,PS,practice,2,5,0
1033,PS,practice,3,5,1
1033,PS,practice,4,5,1
1034,PS,practice,2,5,1
1034,PS,practice,3,5,1
1034,PS,practice,4,5,1
1035,PS,practice,2,5,1
1035,PS,practice,3,5,1
1035,PS,practice,4,5,1
1036,PS,practice,2,5,1
1036,PS,practice,3,5,1
1036,PS,practice,4,5,1
1038,PS,practice,2,5,0
1038,PS,practice,3,5,1
1038,PS,practice,4,5,1
1039,PS,practice,2,5,1
1039,PS,practice,3,5,1
1039,PS,practice,4,5,1
1040,PS,practice,2,5,0
1040,PS,practice,3,5,1
1040,PS,practice,4,5,0
1042,PS,practice,2,5,1
1042,PS,practice,3,5,1
1042,PS,practice,4,5,1
2001,FB,practice,2,5,1
2001,FB,practice,3,5,1
2001,FB,practice,4,5,1
2004,FB,practice,2,5,0
2004,FB,practice,3,5,1
2004,FB,practice,4,5,1
2005,FB,practice,2,5,0
2005,FB,practice,3,5,0
2005,FB,practice,4,5,1
2006,FB,practice,2,5,1
2006,FB,practice,3,5,1
2006,FB,practice,4,5,1
2007,FB,practice,2,5,0
2007,FB,practice,3,5,1
2007,FB,practice,4,5,1
2009,FB,practice,2,5,0
2009,FB,practice,3,5,1
2009,FB,practice,4,5,1
2010,FB,practice,2,5,1
2010,FB,practice,3,5,1
2010,FB,practice,4,5,1
2011,FB,practice,2,5,0
2011,FB,practice,3,5,1
2011,FB,practice,4,5,1
2012,FB,practice,2,5,1
2012,FB,practice,3,5,1
2012,FB,practice,4,5,1
2013,FB,practice,2,5,1
2013,FB,practice,3,5,1
2013,FB,practice,4,5,1
2014,FB,practice,2,5,0
2014,FB,practice,3,5,1
2014,FB,practice,4,5,1
2015,FB,practice,2,5,1
2015,FB,practice,3,5,1
2015,FB,practice,4,5,1
2017,FB,practice,2,5,0
2017,FB,practice,3,5,1
2017,FB,practice,4,5,1
2018,FB,practice,2,5,1
2018,FB,practice,3,5,1
2018,FB,practice,4,5,1
2019,FB,practice,2,5,0
2019,FB,practice,3,5,1
2019,FB,practice,4,5,1
2021,FB,practice,2,5,0
2021,FB,practice,3,5,0
2021,FB,practice,4,5,0
2022,FB,practice,2,5,0
2022,FB,practice,3,5,1
2022,FB,practice,4,5,1
2023,FB,practice,2,5,0
2023,FB,practice,3,5,1
2023,FB,practice,4,5,1
2025,FB,practice,2,5,1
2025,FB,practice,3,5,1
2025,FB,practice,4,5,1
2026,FB,practice,2,5,0
2026,FB,practice,3,5,1
2026,FB,practice,4,5,0
2027,FB,practice,2,5,0
2027,FB,practice,3,5,0
2027,FB,practice,4,5,1
2028,FB,practice,2,5,1
2028,FB,practice,3,5,1
2028,FB,practice,4,5,1
2029,FB,practice,2,5,0
2029,FB,practice,3,5,0
2029,FB,practice,4,5,0
2030,FB,practice,2,5,1
2030,FB,practice,3,5,0
2030,FB,practice,4,5,1
2031,FB,practice,2,5,0
2031,FB,practice,3,5,0
2031,FB,practice,4,5,0
2032,FB,practice,2,5,1
2032,FB,practice,3,5,0
2032,FB,practice,4,5,0
2033,FB,practice,2,5,1
2033,FB,practice,3,5,0
2033,FB,practice,4,5,0
2034,FB,practice,2,5,1
2034,FB,practice,3,5,1
2034,FB,practice,4,5,1
2035,FB,practice,2,5,1
2035,FB,practice,3,5,1
2035,FB,practice,4,5,1
2036,FB,practice,2,5,0
2036,FB,practice,3,5,0
2036,FB,practice,4,5,0
2038,FB,practice,2,5,0
2038,FB,practice,3,5,0
2038,FB,practice,4,5,0
2039,FB,practice,2,5,0
2039,FB,practice,3,5,0
2039,FB,practice,4,5,1
1001,PS,test,1,5,1
1001,PS,test,2,5,1
1001,PS,test,3,3,0
1001,PS,test,4,3,0
1001,PS,test,5,5,1
1001,PS,test,6,5,1
1001,PS,test,7,5,1
1001,PS,test,8,5,0
1001,PS,test,9,5,1
1001,PS,test,10,5,0
1001,PS,test,11,5,1
1002,PS,test,1,5,0
1002,PS,test,2,5,0
1002,PS,test,3,3,0
1002,PS,test,4,3,0
1002,PS,test,5,5,0
1002,PS,test,6,5,0
1002,PS,test,7,5,0
1002,PS,test,8,5,0
1002,PS,test,9,5,0
1002,PS,test,10,5,0
1002,PS,test,11,5,0
1004,PS,test,1,5,0
1004,PS,test,2,5,0
1004,PS,test,3,3,0
1004,PS,test,4,3,0
1004,PS,test,5,5,0
1004,PS,test,6,5,0
1004,PS,test,7,5,0
1004,PS,test,8,5,0
1004,PS,test,9,5,0
1004,PS,test,10,5,0
1004,PS,test,11,5,0
1005,PS,test,1,5,0
1005,PS,test,2,5,1
1005,PS,test,3,3,0
1005,PS,test,4,3,0
1005,PS,test,5,5,1
1005,PS,test,6,5,1
1005,PS,test,7,5,1
1005,PS,test,8,5,0
1005,PS,test,9,5,1
1005,PS,test,10,5,1
1005,PS,test,11,5,1
1008,PS,test,1,5,0
1008,PS,test,2,5,1
1008,PS,test,3,3,1
1008,PS,test,4,3,0
1008,PS,test,5,5,1
1008,PS,test,6,5,1
1008,PS,test,7,5,1
1008,PS,test,8,5,1
1008,PS,test,9,5,1
1008,PS,test,10,5,1
1008,PS,test,11,5,1
1009,PS,test,1,5,0
1009,PS,test,2,5,0
1009,PS,test,3,3,0
1009,PS,test,4,3,0
1009,PS,test,5,5,0
1009,PS,test,6,5,0
1009,PS,test,7,5,0
1009,PS,test,8,5,1
1009,PS,test,9,5,1
1009,PS,test,10,5,0
1009,PS,test,11,5,1
1010,PS,test,1,5,1
1010,PS,test,2,5,1
1010,PS,test,3,3,0
1010,PS,test,4,3,0
1010,PS,test,5,5,0
1010,PS,test,6,5,1
1010,PS,test,7,5,1
1010,PS,test,8,5,1
1010,PS,test,9,5,1
1010,PS,test,10,5,1
1010,PS,test,11,5,1
1011,PS,test,1,5,0
1011,PS,test,2,5,0
1011,PS,test,3,3,0
1011,PS,test,4,3,0
1011,PS,test,5,5,0
1011,PS,test,6,5,0
1011,PS,test,7,5,0
1011,PS,test,8,5,0
1011,PS,test,9,5,0
1011,PS,test,10,5,0
1011,PS,test,11,5,0
1013,PS,test,1,5,0
1013,PS,test,2,5,0
1013,PS,test,3,3,0
1013,PS,test,4,3,0
1013,PS,test,5,5,0
1013,PS,test,6,5,0
1013,PS,test,7,5,0
1013,PS,test,8,5,0
1013,PS,test,9,5,0
1013,PS,test,10,5,0
1013,PS,test,11,5,0
1014,PS,test,1,5,0
1014,PS,test,2,5,1
1014,PS,test,3,3,1
1014,PS,test,4,3,1
1014,PS,test,5,5,1
1014,PS,test,6,5,0
1014,PS,test,7,5,1
1014,PS,test,8,5,1
1014,PS,test,9,5,1
1014,PS,test,10,5,1
1014,PS,test,11,5,1
1015,PS,test,1,5,1
1015,PS,test,2,5,1
1015,PS,test,3,3,1
1015,PS,test,4,3,1
1015,PS,test,5,5,0
1015,PS,test,6,5,1
1015,PS,test,7,5,1
1015,PS,test,8,5,1
1015,PS,test,9,5,1
1015,PS,test,10,5,1
1015,PS,test,11,5,1
1016,PS,test,1,5,1
1016,PS,test,2,5,1
1016,PS,test,3,3,1
1016,PS,test,4,3,1
1016,PS,test,5,5,1
1016,PS,test,6,5,1
1016,PS,test,7,5,1
1016,PS,test,8,5,1
1016,PS,test,9,5,1
1016,PS,test,10,5,1
1016,PS,test,11,5,1
1017,PS,test,1,5,1
1017,PS,test,2,5,1
1017,PS,test,3,3,1
1017,PS,test,4,3,1
1017,PS,test,5,5,1
1017,PS,test,6,5,1
1017,PS,test,7,5,1
1017,PS,test,8,5,1
1017,PS,test,9,5,1
1017,PS,test,10,5,1
1017,PS,test,11,5,1
1019,PS,test,1,5,1
1019,PS,test,2,5,1
1019,PS,test,3,3,1
1019,PS,test,4,3,1
1019,PS,test,5,5,1
1019,PS,test,6,5,1
1019,PS,test,7,5,1
1019,PS,test,8,5,1
1019,PS,test,9,5,1
1019,PS,test,10,5,1
1019,PS,test,11,5,1
1020,PS,test,1,5,1
1020,PS,test,2,5,1
1020,PS,test,3,3,1
1020,PS,test,4,3,1
1020,PS,test,5,5,0
1020,PS,test,6,5,1
1020,PS,test,7,5,0
1020,PS,test,8,5,1
1020,PS,test,9,5,1
1020,PS,test,10,5,1
1020,PS,test,11,5,1
1022,PS,test,1,5,1
1022,PS,test,2,5,1
1022,PS,test,3,3,0
1022,PS,test,4,3,0
1022,PS,test,5,5,1
1022,PS,test,6,5,0
1022,PS,test,7,5,1
1022,PS,test,8,5,1
1022,PS,test,9,5,1
1022,PS,test,10,5,1
1022,PS,test,11,5,1
1023,PS,test,1,5,0
1023,PS,test,2,5,0
1023,PS,test,3,3,1
1023,PS,test,4,3,1
1023,PS,test,5,5,0
1023,PS,test,6,5,0
1023,PS,test,7,5,0
1023,PS,test,8,5,0
1023,PS,test,9,5,0
1023,PS,test,10,5,0
1023,PS,test,11,5,0
1024,PS,test,1,5,1
1024,PS,test,2,5,0
1024,PS,test,3,3,1
1024,PS,test,4,3,1
1024,PS,test,5,5,1
1024,PS,test,6,5,1
1024,PS,test,7,5,1
1024,PS,test,8,5,1
1024,PS,test,9,5,1
1024,PS,test,10,5,1
1024,PS,test,11,5,1
1025,PS,test,1,5,0
1025,PS,test,2,5,1
1025,PS,test,3,3,0
1025,PS,test,4,3,1
1025,PS,test,5,5,1
1025,PS,test,6,5,1
1025,PS,test,7,5,1
1025,PS,test,8,5,1
1025,PS,test,9,5,1
1025,PS,test,10,5,1
1025,PS,test,11,5,1
1026,PS,test,1,5,1
1026,PS,test,2,5,1
1026,PS,test,3,3,1
1026,PS,test,4,3,1
1026,PS,test,5,5,1
1026,PS,test,6,5,1
1026,PS,test,7,5,1
1026,PS,test,8,5,1
1026,PS,test,9,5,1
1026,PS,test,10,5,1
1026,PS,test,11,5,1
1027,PS,test,1,5,0
1027,PS,test,2,5,0
1027,PS,test,3,3,0
1027,PS,test,4,3,0
1027,PS,test,5,5,0
1027,PS,test,6,5,0
1027,PS,test,7,5,0
1027,PS,test,8,5,0
1027,PS,test,9,5,0
1027,PS,test,10,5,0
1027,PS,test,11,5,1
1028,PS,test,1,5,0
1028,PS,test,2,5,0
1028,PS,test,3,3,0
1028,PS,test,4,3,0
1028,PS,test,5,5,0
1028,PS,test,6,5,0
1028,PS,test,7,5,0
1028,PS,test,8,5,0
1028,PS,test,9,5,0
1028,PS,test,10,5,0
1028,PS,test,11,5,0
1029,PS,test,1,5,0
1029,PS,test,2,5,1
1029,PS,test,3,3,1
1029,PS,test,4,3,1
1029,PS,test,5,5,0
1029,PS,test,6,5,0
1029,PS,test,7,5,0
1029,PS,test,8,5,1
1029,PS,test,9,5,1
1029,PS,test,10,5,0
1029,PS,test,11,5,1
1030,PS,test,1,5,0
1030,PS,test,2,5,1
1030,PS,test,3,3,1
1030,PS,test,4,3,1
1030,PS,test,5,5,1
1030,PS,test,6,5,1
1030,PS,test,7,5,1
1030,PS,test,8,5,1
1030,PS,test,9,5,1
1030,PS,test,10,5,1
1030,PS,test,11,5,1
1031,PS,test,1,5,1
1031,PS,test,2,5,1
1031,PS,test,3,3,1
1031,PS,test,4,3,0
1031,PS,test,5,5,0
1031,PS,test,6,5,1
1031,PS,test,7,5,1
1031,PS,test,8,5,1
1031,PS,test,9,5,1
1031,PS,test,10,5,1
1031,PS,test,11,5,1
1032,PS,test,1,5,1
1032,PS,test,2,5,0
1032,PS,test,3,3,0
1032,PS,test,4,3,0
1032,PS,test,5,5,0
1032,PS,test,6,5,0
1032,PS,test,7,5,0
1032,PS,test,8,5,0
1032,PS,test,9,5,0
1032,PS,test,10,5,1
1032,PS,test,11,5,0
1033,PS,test,1,5,0
1033,PS,test,2,5,0
1033,PS,test,3,3,0
1033,PS,test,4,3,1
1033,PS,test,5,5,0
1033,PS,test,6,5,0
1033,PS,test,7,5,0
1033,PS,test,8,5,0
1033,PS,test,9,5,0
1033,PS,test,10,5,0
1033,PS,test,11,5,0
1034,PS,test,1,5,1
1034,PS,test,2,5,1
1034,PS,test,3,3,1
1034,PS,test,4,3,1
1034,PS,test,5,5,0
1034,PS,test,6,5,1
1034,PS,test,7,5,1
1034,PS,test,8,5,1
1034,PS,test,9,5,1
1034,PS,test,10,5,1
1034,PS,test,11,5,1
1035,PS,test,1,5,1
1035,PS,test,2,5,1
1035,PS,test,3,3,1
1035,PS,test,4,3,1
1035,PS,test,5,5,0
1035,PS,test,6,5,1
1035,PS,test,7,5,1
1035,PS,test,8,5,1
1035,PS,test,9,5,1
1035,PS,test,10,5,0
1035,PS,test,11,5,1
1036,PS,test,1,5,0
1036,PS,test,2,5,0
1036,PS,test,3,3,0
1036,PS,test,4,3,0
1036,PS,test,5,5,0
1036,PS,test,6,5,1
1036,PS,test,7,5,0
1036,PS,test,8,5,1
1036,PS,test,9,5,1
1036,PS,test,10,5,1
1036,PS,test,11,5,1
2001,FB,test,1,5,0
2001,FB,test,2,5,1
2001,FB,test,3,3,1
2001,FB,test,4,3,0
2001,FB,test,5,5,0
2001,FB,test,6,5,0
2001,FB,test,7,5,1
2001,FB,test,8,5,0
2001,FB,test,9,5,1
2001,FB,test,10,5,1
2001,FB,test,11,5,1
2004,FB,test,1,5,1
2004,FB,test,2,5,1
2004,FB,test,3,3,1
2004,FB,test,4,3,1
2004,FB,test,5,5,1
2004,FB,test,6,5,1
2004,FB,test,7,5,1
2004,FB,test,8,5,1
2004,FB,test,9,5,1
2004,FB,test,10,5,1
2004,FB,test,11,5,1
2005,FB,test,1,5,1
2005,FB,test,2,5,1
2005,FB,test,3,3,0
2005,FB,test,4,3,0
2005,FB,test,5,5,1
2005,FB,test,6,5,1
2005,FB,test,7,5,1
2005,FB,test,8,5,1
2005,FB,test,9,5,1
2005,FB,test,10,5,1
2005,FB,test,11,5,1
2006,FB,test,1,5,1
2006,FB,test,2,5,1
2006,FB,test,3,3,1
2006,FB,test,4,3,1
2006,FB,test,5,5,1
2006,FB,test,6,5,1
2006,FB,test,7,5,1
2006,FB,test,8,5,1
2006,FB,test,9,5,1
2006,FB,test,10,5,1
2006,FB,test,11,5,1
2007,FB,test,1,5,1
2007,FB,test,2,5,1
2007,FB,test,3,3,0
2007,FB,test,4,3,1
2007,FB,test,5,5,1
2007,FB,test,6,5,0
2007,FB,test,7,5,1
2007,FB,test,8,5,0
2007,FB,test,9,5,1
2007,FB,test,10,5,1
2007,FB,test,11,5,1
2009,FB,test,1,5,1
2009,FB,test,2,5,1
2009,FB,test,3,3,1
2009,FB,test,4,3,1
2009,FB,test,5,5,1
2009,FB,test,6,5,1
2009,FB,test,7,5,1
2009,FB,test,8,5,1
2009,FB,test,9,5,1
2009,FB,test,10,5,1
2009,FB,test,11,5,1
2010,FB,test,1,5,0
2010,FB,test,2,5,1
2010,FB,test,3,3,1
2010,FB,test,4,3,1
2010,FB,test,5,5,1
2010,FB,test,6,5,1
2010,FB,test,7,5,1
2010,FB,test,8,5,1
2010,FB,test,9,5,1
2010,FB,test,10,5,1
2010,FB,test,11,5,1
2011,FB,test,1,5,1
2011,FB,test,2,5,1
2011,FB,test,3,3,1
2011,FB,test,4,3,1
2011,FB,test,5,5,1
2011,FB,test,6,5,0
2011,FB,test,7,5,1
2011,FB,test,8,5,1
2011,FB,test,9,5,1
2011,FB,test,10,5,1
2011,FB,test,11,5,1
2012,FB,test,1,5,0
2012,FB,test,2,5,1
2012,FB,test,3,3,0
2012,FB,test,4,3,0
2012,FB,test,5,5,0
2012,FB,test,6,5,1
2012,FB,test,7,5,1
2012,FB,test,8,5,1
2012,FB,test,9,5,1
2012,FB,test,10,5,1
2012,FB,test,11,5,1
2013,FB,test,1,5,0
2013,FB,test,2,5,1
2013,FB,test,3,3,0
2013,FB,test,4,3,0
2013,FB,test,5,5,0
2013,FB,test,6,5,1
2013,FB,test,7,5,1
2013,FB,test,8,5,0
2013,FB,test,9,5,1
2013,FB,test,10,5,1
2013,FB,test,11,5,1
2014,FB,test,1,5,1
2014,FB,test,2,5,1
2014,FB,test,3,3,0
2014,FB,test,4,3,1
2014,FB,test,5,5,0
2014,FB,test,6,5,1
2014,FB,test,7,5,1
2014,FB,test,8,5,1
2014,FB,test,9,5,1
2014,FB,test,10,5,1
2014,FB,test,11,5,1
2015,FB,test,1,5,1
2015,FB,test,2,5,1
2015,FB,test,3,3,1
2015,FB,test,4,3,0
2015,FB,test,5,5,0
2015,FB,test,6,5,1
2015,FB,test,7,5,1
2015,FB,test,8,5,0
2015,FB,test,9,5,1
2015,FB,test,10,5,1
2015,FB,test,11,5,1
2017,FB,test,1,5,0
2017,FB,test,2,5,0
2017,FB,test,3,3,0
2017,FB,test,4,3,0
2017,FB,test,5,5,0
2017,FB,test,6,5,0
2017,FB,test,7,5,0
2017,FB,test,8,5,0
2017,FB,test,9,5,0
2017,FB,test,10,5,0
2017,FB,test,11,5,0
2018,FB,test,1,5,1
2018,FB,test,2,5,1
2018,FB,test,3,3,1
2018,FB,test,4,3,0
2018,FB,test,5,5,0
2018,FB,test,6,5,1
2018,FB,test,7,5,1
2018,FB,test,8,5,1
2018,FB,test,9,5,1
2018,FB,test,10,5,1
2018,FB,test,11,5,1
2019,FB,test,1,5,0
2019,FB,test,2,5,1
2019,FB,test,3,3,0
2019,FB,test,4,3,1
2019,FB,test,5,5,1
2019,FB,test,6,5,1
2019,FB,test,7,5,1
2019,FB,test,8,5,1
2019,FB,test,9,5,1
2019,FB,test,10,5,1
2019,FB,test,11,5,1
2021,FB,test,1,5,1
2021,FB,test,2,5,1
2021,FB,test,3,3,0
2021,FB,test,4,3,0
2021,FB,test,5,5,0
2021,FB,test,6,5,0
2021,FB,test,7,5,0
2021,FB,test,8,5,0
2021,FB,test,9,5,1
2021,FB,test,10,5,0
2021,FB,test,11,5,1
2022,FB,test,1,5,1
2022,FB,test,2,5,1
2022,FB,test,3,3,1
2022,FB,test,4,3,0
2022,FB,test,5,5,1
2022,FB,test,6,5,1
2022,FB,test,7,5,1
2022,FB,test,8,5,1
2022,FB,test,9,5,1
2022,FB,test,10,5,1
2022,FB,test,11,5,1
2023,FB,test,1,5,0
2023,FB,test,2,5,1
2023,FB,test,3,3,0
2023,FB,test,4,3,0
2023,FB,test,5,5,1
2023,FB,test,6,5,0
2023,FB,test,7,5,1
2023,FB,test,8,5,1
2023,FB,test,9,5,1
2023,FB,test,10,5,0
2023,FB,test,11,5,1
2025,FB,test,1,5,1
2025,FB,test,2,5,1
2025,FB,test,3,3,1
2025,FB,test,4,3,1
2025,FB,test,5,5,1
2025,FB,test,6,5,1
2025,FB,test,7,5,1
2025,FB,test,8,5,1
2025,FB,test,9,5,1
2025,FB,test,10,5,1
2025,FB,test,11,5,0
2026,FB,test,1,5,0
2026,FB,test,2,5,1
2026,FB,test,3,3,1
2026,FB,test,4,3,1
2026,FB,test,5,5,0
2026,FB,test,6,5,0
2026,FB,test,7,5,0
2026,FB,test,8,5,1
2026,FB,test,9,5,1
2026,FB,test,10,5,0
2026,FB,test,11,5,1
2027,FB,test,1,5,1
2027,FB,test,2,5,1
2027,FB,test,3,3,0
2027,FB,test,4,3,0
2027,FB,test,5,5,1
2027,FB,test,6,5,1
2027,FB,test,7,5,1
2027,FB,test,8,5,1
2027,FB,test,9,5,1
2027,FB,test,10,5,1
2027,FB,test,11,5,1
2028,FB,test,1,5,1
2028,FB,test,2,5,1
2028,FB,test,3,3,1
2028,FB,test,4,3,1
2028,FB,test,5,5,1
2028,FB,test,6,5,1
2028,FB,test,7,5,1
2028,FB,test,8,5,1
2028,FB,test,9,5,1
2028,FB,test,10,5,1
2028,FB,test,11,5,1
2029,FB,test,1,5,1
2029,FB,test,2,5,1
2029,FB,test,3,3,0
2029,FB,test,4,3,0
2029,FB,test,5,5,0
2029,FB,test,6,5,1
2029,FB,test,7,5,1
2029,FB,test,8,5,0
2029,FB,test,9,5,1
2029,FB,test,10,5,1
2029,FB,test,11,5,1
2030,FB,test,1,5,0
2030,FB,test,2,5,1
2030,FB,test,3,3,0
2030,FB,test,4,3,1
2030,FB,test,5,5,0
2030,FB,test,6,5,1
2030,FB,test,7,5,1
2030,FB,test,8,5,1
2030,FB,test,9,5,1
2030,FB,test,10,5,1
2030,FB,test,11,5,1
2031,FB,test,1,5,0
2031,FB,test,2,5,0
2031,FB,test,3,3,0
2031,FB,test,4,3,0
2031,FB,test,5,5,0
2031,FB,test,6,5,1
2031,FB,test,7,5,1
2031,FB,test,8,5,1
2031,FB,test,9,5,1
2031,FB,test,10,5,1
2031,FB,test,11,5,1
2032,FB,test,1,5,1
2032,FB,test,2,5,1
2032,FB,test,3,3,0
2032,FB,test,4,3,0
2032,FB,test,5,5,1
2032,FB,test,6,5,1
2032,FB,test,7,5,1
2032,FB,test,8,5,1
2032,FB,test,9,5,1
2032,FB,test,10,5,1
2032,FB,test,11,5,1
2033,FB,test,1,5,1
2033,FB,test,2,5,1
2033,FB,test,3,3,1
2033,FB,test,4,3,0
2033,FB,test,5,5,0
2033,FB,test,6,5,1
2033,FB,test,7,5,1
2033,FB,test,8,5,1
2033,FB,test,9,5,1
2033,FB,test,10,5,0
2033,FB,test,11,5,1
2034,FB,test,1,5,0
2034,FB,test,2,5,1
2034,FB,test,3,3,1
2034,FB,test,4,3,0
2034,FB,test,5,5,0
2034,FB,test,6,5,0
2034,FB,test,7,5,1
2034,FB,test,8,5,1
2034,FB,test,9,5,1
2034,FB,test,10,5,1
2034,FB,test,11,5,1
3001,WE,test,1,5,1
3001,WE,test,2,5,1
3001,WE,test,3,3,1
3001,WE,test,4,3,1
3001,WE,test,5,5,1
3001,WE,test,6,5,0
3001,WE,test,7,5,0
3001,WE,test,8,5,1
3001,WE,test,9,5,1
3001,WE,test,10,5,0
3001,WE,test,11,5,1
3002,WE,test,1,5,1
3002,WE,test,2,5,1
3002,WE,test,3,3,1
3002,WE,test,4,3,1
3002,WE,test,5,5,1
3002,WE,test,6,5,1
3002,WE,test,7,5,1
3002,WE,test,8,5,1
3002,WE,test,9,5,1
3002,WE,test,10,5,1
3002,WE,test,11,5,1
3004,WE,test,1,5,0
3004,WE,test,2,5,0
3004,WE,test,3,3,0
3004,WE,test,4,3,0
3004,WE,test,5,5,0
3004,WE,test,6,5,0
3004,WE,test,7,5,0
3004,WE,test,8,5,0
3004,WE,test,9,5,0
3004,WE,test,10,5,1
3004,WE,test,11,5,0
3005,WE,test,1,5,0
3005,WE,test,2,5,0
3005,WE,test,3,3,1
3005,WE,test,4,3,0
3005,WE,test,5,5,0
3005,WE,test,6,5,1
3005,WE,test,7,5,0
3005,WE,test,8,5,1
3005,WE,test,9,5,1
3005,WE,test,10,5,1
3005,WE,test,11,5,1
3007,WE,test,1,5,1
3007,WE,test,2,5,1
3007,WE,test,3,3,1
3007,WE,test,4,3,1
3007,WE,test,5,5,1
3007,WE,test,6,5,1
3007,WE,test,7,5,1
3007,WE,test,8,5,1
3007,WE,test,9,5,1
3007,WE,test,10,5,1
3007,WE,test,11,5,1
3008,WE,test,1,5,0
3008,WE,test,2,5,0
3008,WE,test,3,3,0
3008,WE,test,4,3,0
3008,WE,test,5,5,0
3008,WE,test,6,5,0
3008,WE,test,7,5,0
3008,WE,test,8,5,0
3008,WE,test,9,5,0
3008,WE,test,10,5,0
3008,WE,test,11,5,0
3009,WE,test,1,5,0
3009,WE,test,2,5,0
3009,WE,test,3,3,0
3009,WE,test,4,3,0
3009,WE,test,5,5,0
3009,WE,test,6,5,0
3009,WE,test,7,5,0
3009,WE,test,8,5,0
3009,WE,test,9,5,0
3009,WE,test,10,5,0
3009,WE,test,11,5,0
3010,WE,test,1,5,1
3010,WE,test,2,5,1
3010,WE,test,3,3,1
3010,WE,test,4,3,1
3010,WE,test,5,5,1
3010,WE,test,6,5,0
3010,WE,test,7,5,1
3010,WE,test,8,5,0
3010,WE,test,9,5,1
3010,WE,test,10,5,1
3010,WE,test,11,5,1
3011,WE,test,1,5,1
3011,WE,test,2,5,1
3011,WE,test,3,3,1
3011,WE,test,4,3,0
3011,WE,test,5,5,0
3011,WE,test,6,5,0
3011,WE,test,7,5,0
3011,WE,test,8,5,0
3011,WE,test,9,5,1
3011,WE,test,10,5,0
3011,WE,test,11,5,0
3013,WE,test,1,5,1
3013,WE,test,2,5,1
3013,WE,test,3,3,1
3013,WE,test,4,3,1
3013,WE,test,5,5,1
3013,WE,test,6,5,1
3013,WE,test,7,5,0
3013,WE,test,8,5,1
3013,WE,test,9,5,1
3013,WE,test,10,5,1
3013,WE,test,11,5,1
3014,WE,test,1,5,1
3014,WE,test,2,5,1
3014,WE,test,3,3,0
3014,WE,test,4,3,1
3014,WE,test,5,5,1
3014,WE,test,6,5,1
3014,WE,test,7,5,1
3014,WE,test,8,5,1
3014,WE,test,9,5,1
3014,WE,test,10,5,1
3014,WE,test,11,5,1
3015,WE,test,1,5,1
3015,WE,test,2,5,1
3015,WE,test,3,3,1
3015,WE,test,4,3,1
3015,WE,test,5,5,1
3015,WE,test,6,5,1
3015,WE,test,7,5,1
3015,WE,test,8,5,1
3015,WE,test,9,5,1
3015,WE,test,10,5,1
3015,WE,test,11,5,1
3017,WE,test,1,5,0
3017,WE,test,2,5,0
3017,WE,test,3,3,0
3017,WE,test,4,3,0
3017,WE,test,5,5,0
3017,WE,test,6,5,0
3017,WE,test,7,5,0
3017,WE,test,8,5,0
3017,WE,test,9,5,0
3017,WE,test,10,5,0
3017,WE,test,11,5,0
3018,WE,test,1,5,0
3018,WE,test,2,5,0
3018,WE,test,3,3,0
3018,WE,test,4,3,0
3018,WE,test,5,5,0
3018,WE,test,6,5,0
3018,WE,test,7,5,0
3018,WE,test,8,5,0
3018,WE,test,9,5,0
3018,WE,test,10,5,0
3018,WE,test,11,5,0
3019,WE,test,1,5,1
3019,WE,test,2,5,1
3019,WE,test,3,3,1
3019,WE,test,4,3,0
3019,WE,test,5,5,1
3019,WE,test,6,5,1
3019,WE,test,7,5,1
3019,WE,test,8,5,1
3019,WE,test,9,5,1
3019,WE,test,10,5,1
3019,WE,test,11,5,1
3020,WE,test,1,5,0
3020,WE,test,2,5,1
3020,WE,test,3,3,1
3020,WE,test,4,3,1
3020,WE,test,5,5,1
3020,WE,test,6,5,1
3020,WE,test,7,5,1
3020,WE,test,8,5,0
3020,WE,test,9,5,1
3020,WE,test,10,5,1
3020,WE,test,11,5,1
3021,WE,test,1,5,0
3021,WE,test,2,5,0
3021,WE,test,3,3,0
3021,WE,test,4,3,0
3021,WE,test,5,5,0
3021,WE,test,6,5,0
3021,WE,test,7,5,0
3021,WE,test,8,5,0
3021,WE,test,9,5,0
3021,WE,test,10,5,0
3021,WE,test,11,5,1
3022,WE,test,1,5,0
3022,WE,test,2,5,1
3022,WE,test,3,3,0
3022,WE,test,4,3,0
3022,WE,test,5,5,1
3022,WE,test,6,5,1
3022,WE,test,7,5,1
3022,WE,test,8,5,1
3022,WE,test,9,5,1
3022,WE,test,10,5,1
3022,WE,test,11,5,1
3023,WE,test,1,5,0
3023,WE,test,2,5,0
3023,WE,test,3,3,0
3023,WE,test,4,3,0
3023,WE,test,5,5,0
3023,WE,test,6,5,0
3023,WE,test,7,5,0
3023,WE,test,8,5,0
3023,WE,test,9,5,0
3023,WE,test,10,5,0
3023,WE,test,11,5,0
3024,WE,test,1,5,0
3024,WE,test,2,5,0
3024,WE,test,3,3,0
3024,WE,test,4,3,0
3024,WE,test,5,5,0
3024,WE,test,6,5,1
3024,WE,test,7,5,0
3024,WE,test,8,5,1
3024,WE,test,9,5,0
3024,WE,test,10,5,0
3024,WE,test,11,5,0
3025,WE,test,1,5,1
3025,WE,test,2,5,1
3025,WE,test,3,3,0
3025,WE,test,4,3,0
3025,WE,test,5,5,0
3025,WE,test,6,5,1
3025,WE,test,7,5,1
3025,WE,test,8,5,1
3025,WE,test,9,5,1
3025,WE,test,10,5,1
3025,WE,test,11,5,1
3026,WE,test,1,5,1
3026,WE,test,2,5,0
3026,WE,test,3,3,0
3026,WE,test,4,3,0
3026,WE,test,5,5,0
3026,WE,test,6,5,1
3026,WE,test,7,5,1
3026,WE,test,8,5,1
3026,WE,test,9,5,1
3026,WE,test,10,5,1
3026,WE,test,11,5,1
3028,WE,test,1,5,0
3028,WE,test,2,5,0
3028,WE,test,3,3,0
3028,WE,test,4,3,0
3028,WE,test,5,5,0
3028,WE,test,6,5,0
3028,WE,test,7,5,0
3028,WE,test,8,5,0
3028,WE,test,9,5,0
3028,WE,test,10,5,0
3028,WE,test,11,5,0
3029,WE,test,1,5,0
3029,WE,test,2,5,0
3029,WE,test,3,3,0
3029,WE,test,4,3,0
3029,WE,test,5,5,0
3029,WE,test,6,5,0
3029,WE,test,7,5,0
3029,WE,test,8,5,0
3029,WE,test,9,5,0
3029,WE,test,10,5,0
3029,WE,test,11,5,0
3030,WE,test,1,5,1
3030,WE,test,2,5,1
3030,WE,test,3,3,1
3030,WE,test,4,3,1
3030,WE,test,5,5,0
3030,WE,test,6,5,0
3030,WE,test,7,5,1
3030,WE,test,8,5,1
3030,WE,test,9,5,1
3030,WE,test,10,5,1
3030,WE,test,11,5,1
3031,WE,test,1,5,1
3031,WE,test,2,5,1
3031,WE,test,3,3,1
3031,WE,test,4,3,1
3031,WE,test,5,5,1
3031,WE,test,6,5,1
3031,WE,test,7,5,1
3031,WE,test,8,5,1
3031,WE,test,9,5,1
3031,WE,test,10,5,1
3031,WE,test,11,5,1
3032,WE,test,1,5,0
3032,WE,test,2,5,0
3032,WE,test,3,3,0
3032,WE,test,4,3,0
3032,WE,test,5,5,0
3032,WE,test,6,5,0
3032,WE,test,7,5,0
3032,WE,test,8,5,0
3032,WE,test,9,5,0
3032,WE,test,10,5,0
3032,WE,test,11,5,0
3033,WE,test,1,5,1
3033,WE,test,2,5,1
3033,WE,test,3,3,1
3033,WE,test,4,3,1
3033,WE,test,5,5,1
3033,WE,test,6,5,1
3033,WE,test,7,5,1
3033,WE,test,8,5,0
3033,WE,test,9,5,1
3033,WE,test,10,5,0
3033,WE,test,11,5,1
3034,WE,test,1,5,1
3034,WE,test,2,5,1
3034,WE,test,3,3,1
3034,WE,test,4,3,0
3034,WE,test,5,5,1
3034,WE,test,6,5,1
3034,WE,test,7,5,1
3034,WE,test,8,5,1
3034,WE,test,9,5,1
3034,WE,test,10,5,1
3034,WE,test,11,5,1
3035,WE,test,1,5,0
3035,WE,test,2,5,1
3035,WE,test,3,3,1
3035,WE,test,4,3,1
3035,WE,test,5,5,0
3035,WE,test,6,5,1
3035,WE,test,7,5,1
3035,WE,test,8,5,1
3035,WE,test,9,5,1
3035,WE,test,10,5,1
3035,WE,test,11,5,1
2040,FB,practice,2,5,1
2041,FB,practice,2,5,1
2042,FB,practice,2,5,1
2043,FB,practice,2,5,1
2040,FB,practice,3,5,1
2041,FB,practice,3,5,0
2042,FB,practice,3,5,0
2043,FB,practice,3,5,1
2040,FB,practice,4,5,1
2041,FB,practice,4,5,1
2042,FB,practice,4,5,1
2043,FB,practice,4,5,1
1043,PS,practice,2,5,1
1044,PS,practice,2,5,0
1045,PS,practice,2,5,1
1046,PS,practice,2,5,0
1043,PS,practice,3,5,1
1044,PS,practice,3,5,0
1045,PS,practice,3,5,1
1046,PS,practice,3,5,1
1043,PS,practice,4,5,1
1044,PS,practice,4,5,0
1045,PS,practice,4,5,1
1046,PS,practice,4,5,1
1081,PS,practice,2,5,1
1082,PS,practice,2,5,1
1083,PS,practice,2,5,0
1084,PS,practice,2,5,0
1081,PS,practice,3,5,1
1082,PS,practice,3,5,1
1083,PS,practice,3,5,1
1084,PS,practice,3,5,1
1081,PS,practice,4,5,1
1082,PS,practice,4,5,1
1083,PS,practice,4,5,0
1084,PS,practice,4,5,0
2065,FB,practice,2,5,0
2066,FB,practice,2,5,0
2065,FB,practice,3,5,1
2066,FB,practice,3,5,1
2065,FB,practice,4,5,1
2066,FB,practice,4,5,1
1085,PS,practice,2,5,1
1086,PS,practice,2,5,1
1085,PS,practice,3,5,0
1086,PS,practice,3,5,1
1085,PS,practice,4,5,1
1086,PS,practice,4,5,1
1087,PS,practice,2,5,0
1088,PS,practice,2,5,1
1087,PS,practice,3,5,0
1088,PS,practice,3,5,1
1087,PS,practice,4,5,0
1088,PS,practice,4,5,1
2067,FB,practice,2,5,1
2068,FB,practice,2,5,1
2069,FB,practice,2,5,0
2070,FB,practice,2,5,0
2067,FB,practice,3,5,1
2068,FB,practice,3,5,1
2069,FB,practice,3,5,0
2070,FB,practice,3,5,0
2067,FB,practice,4,5,0
2068,FB,practice,4,5,1
2069,FB,practice,4,5,0
2070,FB,practice,4,5,0
2046,FB,practice,2,5,0
2047,FB,practice,2,5,0
2046,FB,practice,3,5,1
2047,FB,practice,3,5,0
2046,FB,practice,4,5,1
2047,FB,practice,4,5,0
1048,PS,practice,2,5,0
2057,FB,practice,2,5,1
2058,FB,practice,2,5,0
2056,FB,practice,3,5,0
2057,FB,practice,3,5,0
2058,FB,practice,3,5,0
2056,FB,practice,4,5,1
2057,FB,practice,4,5,1
2058,FB,practice,4,5,1
2059,FB,practice,2,5,0
2061,FB,practice,2,5,0
2059,FB,practice,3,5,1
2061,FB,practice,3,5,1
2059,FB,practice,4,5,1
2061,FB,practice,4,5,1
1058,PS,practice,2,5,1
1060,PS,practice,2,5,1
1058,PS,practice,3,5,1
1060,PS,practice,3,5,1
1058,PS,practice,4,5,1
1060,PS,practice,4,5,1
2109,FB,practice,2,5,1
2110,FB,practice,2,5,1
2109,FB,practice,3,5,1
2110,FB,practice,3,5,1
2109,FB,practice,4,5,1
2110,FB,practice,4,5,1
2112,FB,practice,4,5,1
2113,FB,practice,4,5,1
2112,FB,practice,2,5,0
2113,FB,practice,2,5,1
2112,FB,practice,3,5,1
2113,FB,practice,3,5,0
2114,FB,practice,2,5,1
2114,FB,practice,3,5,1
2114,FB,practice,4,5,1
1048,PS,practice,3,5,0
1048,PS,practice,4,5,1
1056,PS,practice,2,5,1
1056,PS,practice,3,5,0
1056,PS,practice,4,5,1
1062,PS,practice,2,5,1
1062,PS,practice,3,5,1
1062,PS,practice,4,5,1
1063,PS,practice,2,5,1
1063,PS,practice,3,5,1
1063,PS,practice,4,5,1
1067,PS,practice,2,5,1
1067,PS,practice,3,5,1
1067,PS,practice,4,5,1
1068,PS,practice,2,5,0
1068,PS,practice,3,5,1
1068,PS,practice,4,5,1
1069,PS,practice,2,5,0
1069,PS,practice,3,5,0
1069,PS,practice,4,5,0
1070,PS,practice,2,5,1
1070,PS,practice,3,5,1
1070,PS,practice,4,5,1
1071,PS,practice,2,5,1
1071,PS,practice,3,5,1
1071,PS,practice,4,5,1
1072,PS,practice,2,5,1
1072,PS,practice,3,5,1
1072,PS,practice,4,5,1
1073,PS,practice,2,5,1
1073,PS,practice,3,5,1
1073,PS,practice,4,5,1
1074,PS,practice,2,5,1
1074,PS,practice,3,5,1
1074,PS,practice,4,5,1
1075,PS,practice,2,5,1
1075,PS,practice,3,5,1
1075,PS,practice,4,5,1
1076,PS,practice,2,5,1
1076,PS,practice,3,5,0
1076,PS,practice,4,5,1
1079,PS,practice,2,5,0
1079,PS,practice,3,5,1
1079,PS,practice,4,5,0
1080,PS,practice,2,5,1
1080,PS,practice,3,5,0
1080,PS,practice,4,5,1
1089,PS,practice,2,5,0
1089,PS,practice,3,5,0
1089,PS,practice,4,5,0
1090,PS,practice,2,5,1
1090,PS,practice,3,5,1
1090,PS,practice,4,5,1
1091,PS,practice,2,5,1
1091,PS,practice,3,5,1
1091,PS,practice,4,5,1
1092,PS,practice,2,5,1
1092,PS,practice,3,5,1
1092,PS,practice,4,5,0
1094,PS,practice,2,5,1
1094,PS,practice,3,5,1
1094,PS,practice,4,5,1
1096,PS,practice,2,5,0
1096,PS,practice,3,5,0
1096,PS,practice,4,5,0
1097,PS,practice,2,5,1
1097,PS,practice,3,5,1
1097,PS,practice,4,5,1
1098,PS,practice,2,5,0
1098,PS,practice,3,5,1
1098,PS,practice,4,5,0
1099,PS,practice,2,5,1
1099,PS,practice,3,5,1
1099,PS,practice,4,5,1
1101,PS,practice,2,5,1
1101,PS,practice,3,5,1
1101,PS,practice,4,5,1
1102,PS,practice,2,5,1
1102,PS,practice,3,5,1
1102,PS,practice,4,5,1
1103,PS,practice,2,5,1
1103,PS,practice,3,5,1
1103,PS,practice,4,5,1
1104,PS,practice,2,5,1
1104,PS,practice,3,5,1
1104,PS,practice,4,5,1
1105,PS,practice,2,5,0
1105,PS,practice,3,5,1
1105,PS,practice,4,5,1
1106,PS,practice,2,5,1
1106,PS,practice,3,5,0
1106,PS,practice,4,5,1
1107,PS,practice,2,5,1
1107,PS,practice,3,5,1
1107,PS,practice,4,5,1
1109,PS,practice,2,5,1
1109,PS,practice,3,5,0
1109,PS,practice,4,5,1
1110,PS,practice,2,5,1
1110,PS,practice,3,5,0
1110,PS,practice,4,5,1
1111,PS,practice,2,5,1
1111,PS,practice,3,5,1
1111,PS,practice,4,5,1
1112,PS,practice,2,5,1
1112,PS,practice,3,5,1
1112,PS,practice,4,5,1
1113,PS,practice,2,5,1
1113,PS,practice,3,5,1
1113,PS,practice,4,5,1
1114,PS,practice,2,5,0
1114,PS,practice,3,5,0
1114,PS,practice,4,5,1
1115,PS,practice,2,5,1
1115,PS,practice,3,5,1
1115,PS,practice,4,5,1
1116,PS,practice,2,5,0
1116,PS,practice,3,5,0
1116,PS,practice,4,5,0
1117,PS,practice,2,5,0
1117,PS,practice,3,5,1
1117,PS,practice,4,5,1
1118,PS,practice,2,5,1
1118,PS,practice,3,5,1
1118,PS,practice,4,5,1
1119,PS,practice,2,5,1
1119,PS,practice,3,5,1
1119,PS,practice,4,5,1
1121,PS,practice,2,5,1
1121,PS,practice,3,5,1
1121,PS,practice,4,5,1
1122,PS,practice,2,5,1
1122,PS,practice,3,5,1
1122,PS,practice,4,5,1
1123,PS,practice,2,5,0
1123,PS,practice,3,5,1
1123,PS,practice,4,5,0
1124,PS,practice,2,5,1
1124,PS,practice,3,5,1
1124,PS,practice,4,5,1
1125,PS,practice,2,5,1
1125,PS,practice,3,5,1
1125,PS,practice,4,5,1
1126,PS,practice,2,5,1
1126,PS,practice,3,5,1
1126,PS,practice,4,5,1
1127,PS,practice,2,5,0
1127,PS,practice,3,5,0
1127,PS,practice,4,5,0
2050,FB,practice,2,5,1
2050,FB,practice,3,5,0
2050,FB,practice,4,5,1
2052,FB,practice,2,5,1
2052,FB,practice,3,5,1
2052,FB,practice,4,5,1
2053,FB,practice,2,5,1
2053,FB,practice,3,5,1
2053,FB,practice,4,5,1
2054,FB,practice,2,5,1
2054,FB,practice,3,5,0
2054,FB,practice,4,5,1
2055,FB,practice,2,5,0
2055,FB,practice,3,5,0
2055,FB,practice,4,5,0
2056,FB,practice,2,5,0
2064,FB,practice,2,5,1
2064,FB,practice,3,5,1
2064,FB,practice,4,5,1
2071,FB,practice,2,5,1
2071,FB,practice,3,5,1
2071,FB,practice,4,5,1
2072,FB,practice,2,5,1
2072,FB,practice,3,5,0
2072,FB,practice,4,5,1
2073,FB,practice,2,5,0
2073,FB,practice,3,5,0
2073,FB,practice,4,5,1
2074,FB,practice,2,5,1
2074,FB,practice,3,5,1
2074,FB,practice,4,5,1
2075,FB,practice,2,5,1
2075,FB,practice,3,5,1
2075,FB,practice,4,5,1
2078,FB,practice,2,5,1
2078,FB,practice,3,5,0
2078,FB,practice,4,5,1
2080,FB,practice,2,5,0
2080,FB,practice,3,5,0
2080,FB,practice,4,5,0
2081,FB,practice,2,5,1
2081,FB,practice,3,5,0
2081,FB,practice,4,5,1
2082,FB,practice,2,5,1
2082,FB,practice,3,5,0
2082,FB,practice,4,5,1
2083,FB,practice,2,5,0
2083,FB,practice,3,5,1
2083,FB,practice,4,5,1
2084,FB,practice,2,5,1
2084,FB,practice,3,5,1
2084,FB,practice,4,5,1
2086,FB,practice,2,5,0
2086,FB,practice,3,5,1
2086,FB,practice,4,5,1
2087,FB,practice,2,5,0
2087,FB,practice,3,5,0
2087,FB,practice,4,5,1
2088,FB,practice,2,5,0
2088,FB,practice,3,5,1
2088,FB,practice,4,5,1
2089,FB,practice,2,5,1
2089,FB,practice,3,5,1
2089,FB,practice,4,5,1
2090,FB,practice,2,5,0
2090,FB,practice,3,5,1
2090,FB,practice,4,5,1
2091,FB,practice,2,5,1
2091,FB,practice,3,5,1
2091,FB,practice,4,5,1
2092,FB,practice,2,5,0
2092,FB,practice,3,5,0
2092,FB,practice,4,5,0
2093,FB,practice,2,5,0
2093,FB,practice,3,5,1
2093,FB,practice,4,5,0
2094,FB,practice,2,5,0
2094,FB,practice,3,5,1
2094,FB,practice,4,5,1
2095,FB,practice,2,5,1
2095,FB,practice,3,5,1
2095,FB,practice,4,5,1
2098,FB,practice,2,5,0
2098,FB,practice,3,5,0
2098,FB,practice,4,5,1
2099,FB,practice,2,5,1
2099,FB,practice,3,5,1
2099,FB,practice,4,5,1
2100,FB,practice,2,5,0
2100,FB,practice,3,5,0
2100,FB,practice,4,5,1
2101,FB,practice,2,5,1
2101,FB,practice,3,5,0
2101,FB,practice,4,5,1
2102,FB,practice,2,5,0
2102,FB,practice,4,5,1
2102,FB,practice,3,5,1
2103,FB,practice,2,5,1
2103,FB,practice,3,5,1
2103,FB,practice,4,5,1
2104,FB,practice,2,5,1
2104,FB,practice,3,5,1
2104,FB,practice,4,5,1
2105,FB,practice,2,5,1
2105,FB,practice,3,5,0
2105,FB,practice,4,5,1
2106,FB,practice,2,5,0
2106,FB,practice,3,5,1
2106,FB,practice,4,5,0
2107,FB,practice,2,5,1
2107,FB,practice,3,5,1
2107,FB,practice,4,5,0
2115,FB,practice,2,5,1
2115,FB,practice,3,5,1
2115,FB,practice,4,5,1
2035,FB,test,1,5,1
2035,FB,test,2,5,0
2035,FB,test,3,3,0
2035,FB,test,4,3,0
2035,FB,test,5,5,0
2035,FB,test,6,5,1
2035,FB,test,7,5,1
2035,FB,test,8,5,1
2035,FB,test,9,5,1
2035,FB,test,10,5,1
2035,FB,test,11,5,1
2036,FB,test,1,5,1
2036,FB,test,2,5,1
2036,FB,test,3,3,0
2036,FB,test,4,3,0
2036,FB,test,5,5,0
2036,FB,test,6,5,1
2036,FB,test,7,5,0
2036,FB,test,8,5,0
2036,FB,test,9,5,1
2036,FB,test,10,5,1
2036,FB,test,11,5,1
2038,FB,test,1,5,1
2038,FB,test,2,5,0
2038,FB,test,3,3,1
2038,FB,test,4,3,1
2038,FB,test,5,5,0
2038,FB,test,6,5,0
2038,FB,test,7,5,0
2038,FB,test,8,5,0
2038,FB,test,9,5,1
2038,FB,test,10,5,1
2038,FB,test,11,5,1
2039,FB,test,1,5,0
2039,FB,test,2,5,0
2039,FB,test,3,3,0
2039,FB,test,4,3,0
2039,FB,test,5,5,0
2039,FB,test,6,5,0
2039,FB,test,7,5,0
2039,FB,test,8,5,0
2039,FB,test,9,5,1
2039,FB,test,10,5,0
2039,FB,test,11,5,1
2040,FB,test,1,5,1
2040,FB,test,2,5,1
2040,FB,test,3,3,0
2040,FB,test,4,3,0
2040,FB,test,5,5,1
2040,FB,test,6,5,1
2040,FB,test,7,5,0
2040,FB,test,8,5,1
2040,FB,test,9,5,1
2040,FB,test,10,5,0
2040,FB,test,11,5,0
2041,FB,test,1,5,0
2041,FB,test,2,5,1
2041,FB,test,3,3,0
2041,FB,test,4,3,0
2041,FB,test,5,5,0
2041,FB,test,6,5,0
2041,FB,test,7,5,1
2041,FB,test,8,5,1
2041,FB,test,9,5,1
2041,FB,test,10,5,1
2041,FB,test,11,5,1
2042,FB,test,1,5,0
2042,FB,test,2,5,0
2042,FB,test,3,3,0
2042,FB,test,4,3,0
2042,FB,test,5,5,0
2042,FB,test,6,5,0
2042,FB,test,7,5,0
2042,FB,test,8,5,0
2042,FB,test,9,5,0
2042,FB,test,10,5,0
2042,FB,test,11,5,0
2043,FB,test,1,5,0
2043,FB,test,2,5,1
2043,FB,test,3,3,1
2043,FB,test,4,3,1
2043,FB,test,5,5,1
2043,FB,test,6,5,1
2043,FB,test,7,5,1
2043,FB,test,8,5,1
2043,FB,test,9,5,1
2043,FB,test,10,5,1
2043,FB,test,11,5,1
2046,FB,test,1,5,1
2046,FB,test,2,5,1
2046,FB,test,3,3,0
2046,FB,test,4,3,0
2046,FB,test,5,5,1
2046,FB,test,6,5,1
2046,FB,test,7,5,1
2046,FB,test,8,5,1
2046,FB,test,9,5,1
2046,FB,test,10,5,1
2046,FB,test,11,5,1
2047,FB,test,1,5,1
2047,FB,test,2,5,1
2047,FB,test,3,3,1
2047,FB,test,4,3,1
2047,FB,test,5,5,1
2047,FB,test,6,5,0
2047,FB,test,7,5,1
2047,FB,test,8,5,1
2047,FB,test,9,5,1
2047,FB,test,10,5,0
2047,FB,test,11,5,1
2050,FB,test,1,5,1
2050,FB,test,2,5,1
2050,FB,test,3,3,1
2050,FB,test,4,3,0
2050,FB,test,5,5,0
2050,FB,test,6,5,1
2050,FB,test,7,5,1
2050,FB,test,8,5,0
2050,FB,test,9,5,1
2050,FB,test,10,5,1
2050,FB,test,11,5,1
2052,FB,test,1,5,1
2052,FB,test,2,5,1
2052,FB,test,3,3,1
2052,FB,test,4,3,0
2052,FB,test,5,5,0
2052,FB,test,6,5,1
2052,FB,test,7,5,1
2052,FB,test,8,5,1
2052,FB,test,9,5,1
2052,FB,test,10,5,1
2052,FB,test,11,5,0
2053,FB,test,1,5,1
2053,FB,test,2,5,1
2053,FB,test,3,3,1
2053,FB,test,4,3,1
2053,FB,test,5,5,0
2053,FB,test,6,5,1
2053,FB,test,7,5,1
2053,FB,test,8,5,1
2053,FB,test,9,5,1
2053,FB,test,10,5,1
2053,FB,test,11,5,1
2054,FB,test,1,5,1
2054,FB,test,2,5,1
2054,FB,test,3,3,1
2054,FB,test,4,3,1
2054,FB,test,5,5,1
2054,FB,test,6,5,1
2054,FB,test,7,5,1
2054,FB,test,8,5,1
2054,FB,test,9,5,1
2054,FB,test,10,5,1
2054,FB,test,11,5,1
2055,FB,test,1,5,0
2055,FB,test,2,5,0
2055,FB,test,3,3,1
2055,FB,test,4,3,1
2055,FB,test,5,5,0
2055,FB,test,6,5,1
2055,FB,test,7,5,0
2055,FB,test,8,5,0
2055,FB,test,9,5,0
2055,FB,test,10,5,0
2055,FB,test,11,5,0
2056,FB,test,1,5,1
2056,FB,test,2,5,1
2056,FB,test,3,3,1
2056,FB,test,4,3,1
2056,FB,test,5,5,1
2056,FB,test,6,5,1
2056,FB,test,7,5,1
2056,FB,test,8,5,0
2056,FB,test,9,5,1
2056,FB,test,10,5,1
2056,FB,test,11,5,1
2057,FB,test,1,5,1
2057,FB,test,2,5,1
2057,FB,test,3,3,1
2057,FB,test,4,3,1
2057,FB,test,5,5,1
2057,FB,test,6,5,1
2057,FB,test,7,5,1
2057,FB,test,8,5,1
2057,FB,test,9,5,1
2057,FB,test,10,5,1
2057,FB,test,11,5,1
2058,FB,test,1,5,1
2058,FB,test,2,5,1
2058,FB,test,3,3,1
2058,FB,test,4,3,1
2058,FB,test,5,5,1
2058,FB,test,6,5,1
2058,FB,test,7,5,1
2058,FB,test,8,5,1
2058,FB,test,9,5,1
2058,FB,test,10,5,1
2058,FB,test,11,5,1
2059,FB,test,1,5,1
2059,FB,test,2,5,1
2059,FB,test,3,3,1
2059,FB,test,4,3,1
2059,FB,test,5,5,0
2059,FB,test,6,5,1
2059,FB,test,7,5,1
2059,FB,test,8,5,1
2059,FB,test,9,5,1
2059,FB,test,10,5,0
2059,FB,test,11,5,1
2061,FB,test,1,5,1
2061,FB,test,2,5,0
2061,FB,test,3,3,0
2061,FB,test,4,3,0
2061,FB,test,5,5,1
2061,FB,test,6,5,1
2061,FB,test,7,5,1
2061,FB,test,8,5,1
2061,FB,test,9,5,1
2061,FB,test,10,5,0
2061,FB,test,11,5,1
2064,FB,test,1,5,1
2064,FB,test,2,5,1
2064,FB,test,3,3,1
2064,FB,test,4,3,1
2064,FB,test,5,5,0
2064,FB,test,6,5,0
2064,FB,test,7,5,0
2064,FB,test,8,5,1
2064,FB,test,9,5,1
2064,FB,test,10,5,1
2064,FB,test,11,5,1
2065,FB,test,1,5,1
2065,FB,test,2,5,1
2065,FB,test,3,3,0
2065,FB,test,4,3,0
2065,FB,test,5,5,1
2065,FB,test,6,5,1
2065,FB,test,7,5,0
2065,FB,test,8,5,1
2065,FB,test,9,5,1
2065,FB,test,10,5,1
2065,FB,test,11,5,1
2066,FB,test,1,5,0
2066,FB,test,2,5,1
2066,FB,test,3,3,1
2066,FB,test,4,3,1
2066,FB,test,5,5,0
2066,FB,test,6,5,1
2066,FB,test,7,5,1
2066,FB,test,8,5,0
2066,FB,test,9,5,1
2066,FB,test,10,5,1
2066,FB,test,11,5,1
2067,FB,test,1,5,0
2067,FB,test,2,5,0
2067,FB,test,3,3,0
2067,FB,test,4,3,0
2067,FB,test,5,5,0
2067,FB,test,6,5,0
2067,FB,test,7,5,0
2067,FB,test,8,5,1
2067,FB,test,9,5,0
2067,FB,test,10,5,0
2067,FB,test,11,5,1
2068,FB,test,1,5,0
2068,FB,test,2,5,0
2068,FB,test,3,3,0
2068,FB,test,4,3,0
2068,FB,test,5,5,1
2068,FB,test,6,5,1
2068,FB,test,7,5,1
2068,FB,test,8,5,1
2068,FB,test,9,5,1
2068,FB,test,10,5,1
2068,FB,test,11,5,1
2069,FB,test,1,5,0
2069,FB,test,2,5,0
2069,FB,test,3,3,0
2069,FB,test,4,3,0
2069,FB,test,5,5,0
2069,FB,test,6,5,0
2069,FB,test,7,5,0
2069,FB,test,8,5,0
2069,FB,test,9,5,0
2069,FB,test,10,5,0
2069,FB,test,11,5,0
2070,FB,test,1,5,0
2070,FB,test,2,5,0
2070,FB,test,3,3,0
2070,FB,test,4,3,0
2070,FB,test,5,5,0
2070,FB,test,6,5,0
2070,FB,test,7,5,0
2070,FB,test,8,5,0
2070,FB,test,9,5,0
2070,FB,test,10,5,0
2070,FB,test,11,5,0
2071,FB,test,1,5,0
2071,FB,test,2,5,1
2071,FB,test,3,3,1
2071,FB,test,4,3,1
2071,FB,test,5,5,1
2071,FB,test,6,5,1
2071,FB,test,7,5,1
2071,FB,test,8,5,1
2071,FB,test,9,5,1
2071,FB,test,10,5,1
2071,FB,test,11,5,1
2072,FB,test,1,5,1
2072,FB,test,2,5,1
2072,FB,test,3,3,1
2072,FB,test,4,3,1
2072,FB,test,5,5,0
2072,FB,test,6,5,0
2072,FB,test,7,5,1
2072,FB,test,8,5,1
2072,FB,test,9,5,1
2072,FB,test,10,5,1
2072,FB,test,11,5,0
2073,FB,test,1,5,1
2073,FB,test,2,5,1
2073,FB,test,3,3,1
2073,FB,test,4,3,1
2073,FB,test,5,5,0
2073,FB,test,6,5,1
2073,FB,test,7,5,0
2073,FB,test,8,5,1
2073,FB,test,9,5,1
2073,FB,test,10,5,1
2073,FB,test,11,5,0
2074,FB,test,1,5,1
2074,FB,test,2,5,1
2074,FB,test,3,3,1
2074,FB,test,4,3,1
2074,FB,test,5,5,1
2074,FB,test,6,5,1
2074,FB,test,7,5,1
2074,FB,test,8,5,1
2074,FB,test,9,5,1
2074,FB,test,10,5,1
2074,FB,test,11,5,1
2075,FB,test,1,5,0
2075,FB,test,2,5,0
2075,FB,test,3,3,0
2075,FB,test,4,3,0
2075,FB,test,5,5,0
2075,FB,test,6,5,0
2075,FB,test,7,5,0
2075,FB,test,8,5,0
2075,FB,test,9,5,0
2075,FB,test,10,5,1
2075,FB,test,11,5,1
2078,FB,test,1,5,1
2078,FB,test,2,5,1
2078,FB,test,3,3,0
2078,FB,test,4,3,0
2078,FB,test,5,5,0
2078,FB,test,6,5,1
2078,FB,test,7,5,1
2078,FB,test,8,5,1
2078,FB,test,9,5,1
2078,FB,test,10,5,0
2078,FB,test,11,5,1
2080,FB,test,1,5,1
2080,FB,test,2,5,0
2080,FB,test,3,3,0
2080,FB,test,4,3,0
2080,FB,test,5,5,0
2080,FB,test,6,5,0
2080,FB,test,7,5,1
2080,FB,test,8,5,0
2080,FB,test,9,5,0
2080,FB,test,10,5,1
2080,FB,test,11,5,1
2081,FB,test,1,5,1
2081,FB,test,2,5,1
2081,FB,test,3,3,1
2081,FB,test,4,3,1
2081,FB,test,5,5,1
2081,FB,test,6,5,1
2081,FB,test,7,5,1
2081,FB,test,8,5,1
2081,FB,test,9,5,1
2081,FB,test,10,5,1
2081,FB,test,11,5,1
2082,FB,test,1,5,1
2082,FB,test,2,5,1
2082,FB,test,3,3,1
2082,FB,test,4,3,1
2082,FB,test,5,5,0
2082,FB,test,6,5,1
2082,FB,test,7,5,1
2082,FB,test,8,5,1
2082,FB,test,9,5,1
2082,FB,test,10,5,1
2082,FB,test,11,5,1
2083,FB,test,1,5,1
2083,FB,test,2,5,1
2083,FB,test,3,3,0
2083,FB,test,4,3,0
2083,FB,test,5,5,0
2083,FB,test,6,5,1
2083,FB,test,7,5,0
2083,FB,test,8,5,0
2083,FB,test,9,5,1
2083,FB,test,10,5,0
2083,FB,test,11,5,1
2084,FB,test,1,5,1
2084,FB,test,2,5,1
2084,FB,test,3,3,1
2084,FB,test,4,3,1
2084,FB,test,5,5,1
2084,FB,test,6,5,1
2084,FB,test,7,5,1
2084,FB,test,8,5,1
2084,FB,test,9,5,1
2084,FB,test,10,5,1
2084,FB,test,11,5,0
2086,FB,test,1,5,1
2086,FB,test,2,5,1
2086,FB,test,3,3,1
2086,FB,test,4,3,1
2086,FB,test,5,5,0
2086,FB,test,6,5,1
2086,FB,test,7,5,1
2086,FB,test,8,5,1
2086,FB,test,9,5,1
2086,FB,test,10,5,1
2086,FB,test,11,5,1
2087,FB,test,1,5,1
2087,FB,test,2,5,1
2087,FB,test,3,3,1
2087,FB,test,4,3,1
2087,FB,test,5,5,1
2087,FB,test,6,5,1
2087,FB,test,7,5,1
2087,FB,test,8,5,1
2087,FB,test,9,5,1
2087,FB,test,10,5,1
2087,FB,test,11,5,1
2088,FB,test,1,5,1
2088,FB,test,2,5,0
2088,FB,test,3,3,0
2088,FB,test,4,3,0
2088,FB,test,5,5,1
2088,FB,test,6,5,1
2088,FB,test,7,5,1
2088,FB,test,8,5,1
2088,FB,test,9,5,1
2088,FB,test,10,5,1
2088,FB,test,11,5,1
2089,FB,test,1,5,0
2089,FB,test,2,5,1
2089,FB,test,3,3,1
2089,FB,test,4,3,1
2089,FB,test,5,5,0
2089,FB,test,6,5,0
2089,FB,test,7,5,1
2089,FB,test,8,5,1
2089,FB,test,9,5,1
2089,FB,test,10,5,1
2089,FB,test,11,5,1
2090,FB,test,1,5,1
2090,FB,test,2,5,1
2090,FB,test,3,3,0
2090,FB,test,4,3,0
2090,FB,test,5,5,0
2090,FB,test,6,5,1
2090,FB,test,7,5,1
2090,FB,test,8,5,1
2090,FB,test,9,5,1
2090,FB,test,10,5,1
2090,FB,test,11,5,1
2091,FB,test,1,5,0
2091,FB,test,2,5,1
2091,FB,test,3,3,1
2091,FB,test,4,3,1
2091,FB,test,5,5,0
2091,FB,test,6,5,0
2091,FB,test,7,5,1
2091,FB,test,8,5,1
2091,FB,test,9,5,0
2091,FB,test,10,5,1
2091,FB,test,11,5,0
2092,FB,test,1,5,1
2092,FB,test,2,5,1
2092,FB,test,3,3,0
2092,FB,test,4,3,0
2092,FB,test,5,5,0
2092,FB,test,6,5,1
2092,FB,test,7,5,1
2092,FB,test,8,5,1
2092,FB,test,9,5,1
2092,FB,test,10,5,1
2092,FB,test,11,5,1
2093,FB,test,1,5,0
2093,FB,test,2,5,1
2093,FB,test,3,3,0
2093,FB,test,4,3,0
2093,FB,test,5,5,0
2093,FB,test,6,5,0
2093,FB,test,7,5,1
2093,FB,test,8,5,1
2093,FB,test,9,5,1
2093,FB,test,10,5,1
2093,FB,test,11,5,1
2094,FB,test,1,5,0
2094,FB,test,2,5,1
2094,FB,test,3,3,0
2094,FB,test,4,3,0
2094,FB,test,5,5,0
2094,FB,test,6,5,0
2094,FB,test,7,5,0
2094,FB,test,8,5,0
2094,FB,test,9,5,1
2094,FB,test,10,5,1
2094,FB,test,11,5,1
2095,FB,test,1,5,0
2095,FB,test,2,5,0
2095,FB,test,3,3,1
2095,FB,test,4,3,1
2095,FB,test,5,5,0
2095,FB,test,6,5,1
2095,FB,test,7,5,1
2095,FB,test,8,5,1
2095,FB,test,9,5,1
2095,FB,test,10,5,1
2095,FB,test,11,5,1
2098,FB,test,1,5,0
2098,FB,test,2,5,0
2098,FB,test,3,3,0
2098,FB,test,4,3,1
2098,FB,test,5,5,0
2098,FB,test,6,5,0
2098,FB,test,7,5,0
2098,FB,test,8,5,0
2098,FB,test,9,5,0
2098,FB,test,10,5,0
2098,FB,test,11,5,0
2099,FB,test,1,5,1
2099,FB,test,2,5,1
2099,FB,test,3,3,1
2099,FB,test,4,3,1
2099,FB,test,5,5,0
2099,FB,test,6,5,1
2099,FB,test,7,5,1
2099,FB,test,8,5,1
2099,FB,test,9,5,1
2099,FB,test,10,5,1
2099,FB,test,11,5,1
2100,FB,test,1,5,1
2100,FB,test,2,5,1
2100,FB,test,3,3,0
2100,FB,test,4,3,0
2100,FB,test,5,5,0
2100,FB,test,6,5,1
2100,FB,test,7,5,1
2100,FB,test,8,5,1
2100,FB,test,9,5,1
2100,FB,test,10,5,1
2100,FB,test,11,5,1
2101,FB,test,1,5,1
2101,FB,test,2,5,1
2101,FB,test,3,3,0
2101,FB,test,4,3,0
2101,FB,test,5,5,0
2101,FB,test,6,5,1
2101,FB,test,7,5,1
2101,FB,test,8,5,1
2101,FB,test,9,5,1
2101,FB,test,10,5,0
2101,FB,test,11,5,1
2102,FB,test,1,5,1
2102,FB,test,2,5,0
2102,FB,test,3,3,1
2102,FB,test,4,3,1
2102,FB,test,5,5,0
2102,FB,test,6,5,0
2102,FB,test,7,5,0
2102,FB,test,8,5,0
2102,FB,test,9,5,1
2102,FB,test,10,5,1
2102,FB,test,11,5,1
2103,FB,test,1,5,1
2103,FB,test,2,5,1
2103,FB,test,3,3,0
2103,FB,test,4,3,1
2103,FB,test,5,5,1
2103,FB,test,6,5,1
2103,FB,test,7,5,1
2103,FB,test,8,5,1
2103,FB,test,9,5,1
2103,FB,test,10,5,1
2103,FB,test,11,5,1
2104,FB,test,1,5,0
2104,FB,test,2,5,1
2104,FB,test,3,3,1
2104,FB,test,4,3,1
2104,FB,test,5,5,0
2104,FB,test,6,5,0
2104,FB,test,7,5,1
2104,FB,test,8,5,0
2104,FB,test,9,5,1
2104,FB,test,10,5,1
2104,FB,test,11,5,1
2105,FB,test,1,5,1
2105,FB,test,2,5,1
2105,FB,test,3,3,1
2105,FB,test,4,3,1
2105,FB,test,5,5,1
2105,FB,test,6,5,1
2105,FB,test,7,5,1
2105,FB,test,8,5,1
2105,FB,test,9,5,1
2105,FB,test,10,5,1
2105,FB,test,11,5,1
2106,FB,test,1,5,1
2106,FB,test,2,5,1
2106,FB,test,3,3,0
2106,FB,test,4,3,0
2106,FB,test,5,5,1
2106,FB,test,6,5,0
2106,FB,test,7,5,0
2106,FB,test,8,5,1
2106,FB,test,9,5,1
2106,FB,test,10,5,1
2106,FB,test,11,5,1
2107,FB,test,1,5,1
2107,FB,test,2,5,1
2107,FB,test,3,3,0
2107,FB,test,4,3,0
2107,FB,test,5,5,0
2107,FB,test,6,5,1
2107,FB,test,7,5,1
2107,FB,test,8,5,1
2107,FB,test,9,5,1
2107,FB,test,10,5,1
2107,FB,test,11,5,1
2109,FB,test,1,5,0
2109,FB,test,2,5,1
2109,FB,test,3,3,1
2109,FB,test,4,3,1
2109,FB,test,5,5,0
2109,FB,test,6,5,1
2109,FB,test,7,5,1
2109,FB,test,8,5,1
2109,FB,test,9,5,1
2109,FB,test,10,5,1
2109,FB,test,11,5,1
2010,FB,test,1,5,1
2010,FB,test,2,5,1
2010,FB,test,3,3,1
2010,FB,test,4,3,1
2010,FB,test,5,5,1
2010,FB,test,6,5,1
2010,FB,test,7,5,1
2010,FB,test,8,5,1
2010,FB,test,9,5,1
2010,FB,test,10,5,1
2010,FB,test,11,5,1
2112,FB,test,1,5,0
2112,FB,test,2,5,1
2112,FB,test,3,3,1
2112,FB,test,4,3,1
2112,FB,test,5,5,1
2112,FB,test,6,5,1
2112,FB,test,7,5,1
2112,FB,test,8,5,1
2112,FB,test,9,5,1
2112,FB,test,10,5,1
2112,FB,test,11,5,1
2113,FB,test,1,5,1
2113,FB,test,2,5,1
2113,FB,test,3,3,1
2113,FB,test,4,3,1
2113,FB,test,5,5,0
2113,FB,test,6,5,1
2113,FB,test,7,5,0
2113,FB,test,8,5,1
2113,FB,test,9,5,1
2113,FB,test,10,5,1
2113,FB,test,11,5,1
2114,FB,test,1,5,1
2114,FB,test,2,5,1
2114,FB,test,3,3,1
2114,FB,test,4,3,1
2114,FB,test,5,5,1
2114,FB,test,6,5,1
2114,FB,test,7,5,1
2114,FB,test,8,5,1
2114,FB,test,9,5,1
2114,FB,test,10,5,1
2114,FB,test,11,5,1
2115,FB,test,1,5,1
2115,FB,test,2,5,1
2115,FB,test,3,3,0
2115,FB,test,4,3,1
2115,FB,test,5,5,1
2115,FB,test,6,5,1
2115,FB,test,7,5,1
2115,FB,test,8,5,1
2115,FB,test,9,5,1
2115,FB,test,10,5,1
2115,FB,test,11,5,1
3036,WE,test,1,5,1
3036,WE,test,2,5,1
3036,WE,test,3,3,1
3036,WE,test,4,3,1
3036,WE,test,5,5,1
3036,WE,test,6,5,1
3036,WE,test,7,5,1
3036,WE,test,8,5,1
3036,WE,test,9,5,1
3036,WE,test,10,5,1
3036,WE,test,11,5,1
3038,WE,test,1,5,0
3038,WE,test,2,5,0
3038,WE,test,3,3,1
3038,WE,test,4,3,1
3038,WE,test,5,5,1
3038,WE,test,6,5,1
3038,WE,test,7,5,0
3038,WE,test,8,5,0
3038,WE,test,9,5,1
3038,WE,test,10,5,1
3038,WE,test,11,5,1
3043,WE,test,1,5,0
3043,WE,test,2,5,0
3043,WE,test,3,3,0
3043,WE,test,4,3,0
3043,WE,test,5,5,0
3043,WE,test,6,5,0
3043,WE,test,7,5,0
3043,WE,test,8,5,0
3043,WE,test,9,5,0
3043,WE,test,10,5,0
3043,WE,test,11,5,0
3045,WE,test,1,5,1
3045,WE,test,2,5,0
3045,WE,test,3,3,1
3045,WE,test,4,3,1
3045,WE,test,5,5,0
3045,WE,test,6,5,0
3045,WE,test,7,5,1
3045,WE,test,8,5,1
3045,WE,test,9,5,1
3045,WE,test,10,5,1
3045,WE,test,11,5,1
3049,WE,test,1,5,1
3049,WE,test,2,5,1
3049,WE,test,3,3,1
3049,WE,test,4,3,1
3049,WE,test,5,5,1
3049,WE,test,6,5,1
3049,WE,test,7,5,1
3049,WE,test,8,5,1
3049,WE,test,9,5,1
3049,WE,test,10,5,1
3049,WE,test,11,5,1
3052,WE,test,1,5,0
3052,WE,test,2,5,0
3052,WE,test,3,3,0
3052,WE,test,4,3,0
3052,WE,test,5,5,0
3052,WE,test,6,5,0
3052,WE,test,7,5,0
3052,WE,test,8,5,0
3052,WE,test,9,5,0
3052,WE,test,10,5,0
3052,WE,test,11,5,0
3054,WE,test,1,5,0
3054,WE,test,2,5,0
3054,WE,test,3,3,0
3054,WE,test,4,3,1
3054,WE,test,5,5,1
3054,WE,test,6,5,1
3054,WE,test,7,5,1
3054,WE,test,8,5,1
3054,WE,test,9,5,1
3054,WE,test,10,5,1
3054,WE,test,11,5,0
3055,WE,test,1,5,1
3055,WE,test,2,5,1
3055,WE,test,3,3,1
3055,WE,test,4,3,1
3055,WE,test,5,5,1
3055,WE,test,6,5,1
3055,WE,test,7,5,1
3055,WE,test,8,5,1
3055,WE,test,9,5,1
3055,WE,test,10,5,1
3055,WE,test,11,5,1
3056,WE,test,1,5,1
3056,WE,test,2,5,1
3056,WE,test,3,3,1
3056,WE,test,4,3,1
3056,WE,test,5,5,1
3056,WE,test,6,5,1
3056,WE,test,7,5,1
3056,WE,test,8,5,1
3056,WE,test,9,5,1
3056,WE,test,10,5,1
3056,WE,test,11,5,1
3058,WE,test,1,5,0
3058,WE,test,2,5,0
3058,WE,test,3,3,0
3058,WE,test,4,3,0
3058,WE,test,5,5,0
3058,WE,test,6,5,0
3058,WE,test,7,5,0
3058,WE,test,8,5,0
3058,WE,test,9,5,0
3058,WE,test,10,5,0
3058,WE,test,11,5,0
3060,WE,test,1,5,0
3060,WE,test,2,5,1
3060,WE,test,3,3,1
3060,WE,test,4,3,1
3060,WE,test,5,5,0
3060,WE,test,6,5,1
3060,WE,test,7,5,1
3060,WE,test,8,5,1
3060,WE,test,9,5,1
3060,WE,test,10,5,1
3060,WE,test,11,5,1
3062,WE,test,1,5,0
3062,WE,test,2,5,1
3062,WE,test,3,3,1
3062,WE,test,4,3,1
3062,WE,test,5,5,0
3062,WE,test,6,5,0
3062,WE,test,7,5,1
3062,WE,test,8,5,1
3062,WE,test,9,5,1
3062,WE,test,10,5,0
3062,WE,test,11,5,1
3063,WE,test,1,5,0
3063,WE,test,2,5,0
3063,WE,test,3,3,1
3063,WE,test,4,3,1
3063,WE,test,5,5,1
3063,WE,test,6,5,1
3063,WE,test,7,5,1
3063,WE,test,8,5,1
3063,WE,test,9,5,1
3063,WE,test,10,5,1
3063,WE,test,11,5,1
3065,WE,test,1,5,1
3065,WE,test,2,5,1
3065,WE,test,3,3,0
3065,WE,test,4,3,0
3065,WE,test,5,5,0
3065,WE,test,6,5,1
3065,WE,test,7,5,0
3065,WE,test,8,5,1
3065,WE,test,9,5,1
3065,WE,test,10,5,1
3065,WE,test,11,5,1
3067,WE,test,1,5,1
3067,WE,test,2,5,1
3067,WE,test,3,3,1
3067,WE,test,4,3,0
3067,WE,test,5,5,1
3067,WE,test,6,5,1
3067,WE,test,7,5,1
3067,WE,test,8,5,1
3067,WE,test,9,5,1
3067,WE,test,10,5,1
3067,WE,test,11,5,1
3068,WE,test,1,5,0
3068,WE,test,2,5,1
3068,WE,test,3,3,1
3068,WE,test,4,3,1
3068,WE,test,5,5,1
3068,WE,test,6,5,1
3068,WE,test,7,5,1
3068,WE,test,8,5,1
3068,WE,test,9,5,1
3068,WE,test,10,5,1
3068,WE,test,11,5,1
3069,WE,test,1,5,1
3069,WE,test,2,5,0
3069,WE,test,3,3,1
3069,WE,test,4,3,1
3069,WE,test,5,5,1
3069,WE,test,6,5,0
3069,WE,test,7,5,1
3069,WE,test,8,5,1
3069,WE,test,9,5,1
3069,WE,test,10,5,1
3069,WE,test,11,5,1
3070,WE,test,1,5,0
3070,WE,test,2,5,0
3070,WE,test,3,3,1
3070,WE,test,4,3,1
3070,WE,test,5,5,1
3070,WE,test,6,5,0
3070,WE,test,7,5,1
3070,WE,test,8,5,1
3070,WE,test,9,5,1
3070,WE,test,10,5,1
3070,WE,test,11,5,1
3071,WE,test,1,5,1
3071,WE,test,2,5,1
3071,WE,test,3,3,1
3071,WE,test,4,3,1
3071,WE,test,5,5,1
3071,WE,test,6,5,1
3071,WE,test,7,5,1
3071,WE,test,8,5,1
3071,WE,test,9,5,1
3071,WE,test,10,5,1
3071,WE,test,11,5,1
3072,WE,test,1,5,1
3072,WE,test,2,5,1
3072,WE,test,3,3,1
3072,WE,test,4,3,1
3072,WE,test,5,5,1
3072,WE,test,6,5,1
3072,WE,test,7,5,1
3072,WE,test,8,5,1
3072,WE,test,9,5,1
3072,WE,test,10,5,1
3072,WE,test,11,5,1
3073,WE,test,1,5,1
3073,WE,test,2,5,1
3073,WE,test,3,3,1
3073,WE,test,4,3,1
3073,WE,test,5,5,1
3073,WE,test,6,5,1
3073,WE,test,7,5,1
3073,WE,test,8,5,1
3073,WE,test,9,5,1
3073,WE,test,10,5,1
3073,WE,test,11,5,1
3074,WE,test,1,5,0
3074,WE,test,2,5,0
3074,WE,test,3,3,0
3074,WE,test,4,3,0
3074,WE,test,5,5,0
3074,WE,test,6,5,0
3074,WE,test,7,5,0
3074,WE,test,8,5,0
3074,WE,test,9,5,0
3074,WE,test,10,5,0
3074,WE,test,11,5,0
3075,WE,test,1,5,1
3075,WE,test,2,5,1
3075,WE,test,3,3,1
3075,WE,test,4,3,1
3075,WE,test,5,5,1
3075,WE,test,6,5,1
3075,WE,test,7,5,1
3075,WE,test,8,5,1
3075,WE,test,9,5,1
3075,WE,test,10,5,1
3075,WE,test,11,5,1
3076,WE,test,1,5,1
3076,WE,test,2,5,1
3076,WE,test,3,3,1
3076,WE,test,4,3,1
3076,WE,test,5,5,1
3076,WE,test,6,5,1
3076,WE,test,7,5,1
3076,WE,test,8,5,1
3076,WE,test,9,5,1
3076,WE,test,10,5,1
3076,WE,test,11,5,1
3077,WE,test,1,5,1
3077,WE,test,2,5,0
3077,WE,test,3,3,1
3077,WE,test,4,3,0
3077,WE,test,5,5,0
3077,WE,test,6,5,1
3077,WE,test,7,5,0
3077,WE,test,8,5,1
3077,WE,test,9,5,1
3077,WE,test,10,5,0
3077,WE,test,11,5,1
3078,WE,test,1,5,1
3078,WE,test,2,5,1
3078,WE,test,3,3,1
3078,WE,test,4,3,0
3078,WE,test,5,5,1
3078,WE,test,6,5,1
3078,WE,test,7,5,1
3078,WE,test,8,5,1
3078,WE,test,9,5,1
3078,WE,test,10,5,1
3078,WE,test,11,5,1
3079,WE,test,1,5,0
3079,WE,test,2,5,0
3079,WE,test,3,3,0
3079,WE,test,4,3,0
3079,WE,test,5,5,0
3079,WE,test,6,5,0
3079,WE,test,7,5,0
3079,WE,test,8,5,0
3079,WE,test,9,5,0
3079,WE,test,10,5,0
3079,WE,test,11,5,0
3081,WE,test,1,5,1
3081,WE,test,2,5,1
3081,WE,test,3,3,1
3081,WE,test,4,3,1
3081,WE,test,5,5,1
3081,WE,test,6,5,1
3081,WE,test,7,5,1
3081,WE,test,8,5,1
3081,WE,test,9,5,1
3081,WE,test,10,5,1
3081,WE,test,11,5,1
3082,WE,test,1,5,1
3082,WE,test,2,5,1
3082,WE,test,3,3,1
3082,WE,test,4,3,0
3082,WE,test,5,5,1
3082,WE,test,6,5,1
3082,WE,test,7,5,1
3082,WE,test,8,5,1
3082,WE,test,9,5,1
3082,WE,test,10,5,1
3082,WE,test,11,5,1
3083,WE,test,1,5,1
3083,WE,test,2,5,1
3083,WE,test,3,3,1
3083,WE,test,4,3,1
3083,WE,test,5,5,1
3083,WE,test,6,5,1
3083,WE,test,7,5,1
3083,WE,test,8,5,1
3083,WE,test,9,5,1
3083,WE,test,10,5,1
3083,WE,test,11,5,1
3084,WE,test,1,5,1
3084,WE,test,2,5,1
3084,WE,test,3,3,1
3084,WE,test,4,3,1
3084,WE,test,5,5,1
3084,WE,test,6,5,1
3084,WE,test,7,5,1
3084,WE,test,8,5,1
3084,WE,test,9,5,1
3084,WE,test,10,5,1
3084,WE,test,11,5,1
3085,WE,test,1,5,1
3085,WE,test,2,5,0
3085,WE,test,3,3,0
3085,WE,test,4,3,0
3085,WE,test,5,5,0
3085,WE,test,6,5,1
3085,WE,test,7,5,1
3085,WE,test,8,5,0
3085,WE,test,9,5,1
3085,WE,test,10,5,1
3085,WE,test,11,5,1
3086,WE,test,1,5,0
3086,WE,test,2,5,1
3086,WE,test,3,3,1
3086,WE,test,4,3,0
3086,WE,test,5,5,0
3086,WE,test,6,5,1
3086,WE,test,7,5,0
3086,WE,test,8,5,1
3086,WE,test,9,5,1
3086,WE,test,10,5,1
3086,WE,test,11,5,1
3087,WE,test,1,5,0
3087,WE,test,2,5,0
3087,WE,test,3,3,0
3087,WE,test,4,3,0
3087,WE,test,5,5,0
3087,WE,test,6,5,0
3087,WE,test,7,5,0
3087,WE,test,8,5,1
3087,WE,test,9,5,1
3087,WE,test,10,5,0
3087,WE,test,11,5,0
3088,WE,test,1,5,0
3088,WE,test,2,5,0
3088,WE,test,3,3,0
3088,WE,test,4,3,0
3088,WE,test,5,5,0
3088,WE,test,6,5,0
3088,WE,test,7,5,0
3088,WE,test,8,5,0
3088,WE,test,9,5,0
3088,WE,test,10,5,0
3088,WE,test,11,5,0
3089,WE,test,1,5,0
3089,WE,test,2,5,0
3089,WE,test,3,3,0
3089,WE,test,4,3,0
3089,WE,test,5,5,0
3089,WE,test,6,5,0
3089,WE,test,7,5,1
3089,WE,test,8,5,0
3089,WE,test,9,5,0
3089,WE,test,10,5,1
3089,WE,test,11,5,0
3090,WE,test,1,5,0
3090,WE,test,2,5,1
3090,WE,test,3,3,0
3090,WE,test,4,3,0
3090,WE,test,5,5,1
3090,WE,test,6,5,1
3090,WE,test,7,5,1
3090,WE,test,8,5,1
3090,WE,test,9,5,1
3090,WE,test,10,5,1
3090,WE,test,11,5,1
3091,WE,test,1,5,1
3091,WE,test,2,5,1
3091,WE,test,3,3,0
3091,WE,test,4,3,0
3091,WE,test,5,5,1
3091,WE,test,6,5,1
3091,WE,test,7,5,1
3091,WE,test,8,5,0
3091,WE,test,9,5,1
3091,WE,test,10,5,1
3091,WE,test,11,5,1
2118,FB,practice,2,5,0
2118,FB,practice,3,5,1
2118,FB,practice,4,5,1
2119,FB,practice,2,5,0
2119,FB,practice,3,5,0
2119,FB,practice,4,5,1
1128,PS,practice,2,5,1
1129,PS,practice,2,5,1
1128,PS,practice,3,5,1
1129,PS,practice,3,5,0
1128,PS,practice,4,5,1
1129,PS,practice,4,5,1
2120,FB,practice,2,5,1
2120,FB,practice,3,5,0
2120,FB,practice,4,5,0
2121,FB,practice,2,5,1
2121,FB,practice,3,5,0
2121,FB,practice,4,5,1
2122,FB,practice,2,5,0
2122,FB,practice,3,5,0
2122,FB,practice,4,5,0
2123,FB,practice,2,5,1
2123,FB,practice,3,5,1
2123,FB,practice,4,5,1
3092,WE,test,1,5,0
3092,WE,test,2,5,1
3092,WE,test,3,3,1
3092,WE,test,4,3,1
3092,WE,test,5,5,1
3092,WE,test,6,5,1
3092,WE,test,7,5,1
3092,WE,test,8,5,1
3092,WE,test,9,5,1
3092,WE,test,10,5,1
3092,WE,test,11,5,1
3093,WE,test,1,5,0
3093,WE,test,2,5,1
3093,WE,test,3,3,1
3093,WE,test,4,3,1
3093,WE,test,5,5,1
3093,WE,test,6,5,1
3093,WE,test,7,5,1
3093,WE,test,8,5,1
3093,WE,test,9,5,1
3093,WE,test,10,5,1
3093,WE,test,11,5,1
3094,WE,test,1,5,1
3094,WE,test,2,5,1
3094,WE,test,3,3,1
3094,WE,test,4,3,1
3094,WE,test,5,5,0
3094,WE,test,6,5,1
3094,WE,test,7,5,1
3094,WE,test,8,5,1
3094,WE,test,9,5,1
3094,WE,test,10,5,1
3094,WE,test,11,5,1
3095,WE,test,1,5,0
3095,WE,test,2,5,0
3095,WE,test,3,3,1
3095,WE,test,4,3,1
3095,WE,test,5,5,0
3095,WE,test,6,5,0
3095,WE,test,7,5,0
3095,WE,test,8,5,0
3095,WE,test,9,5,0
3095,WE,test,10,5,0
3095,WE,test,11,5,0
3096,WE,test,1,5,1
3096,WE,test,2,5,1
3096,WE,test,3,3,1
3096,WE,test,4,3,1
3096,WE,test,5,5,1
3096,WE,test,6,5,1
3096,WE,test,7,5,0
3096,WE,test,8,5,1
3096,WE,test,9,5,1
3096,WE,test,10,5,1
3096,WE,test,11,5,1
3097,WE,test,1,5,1
3097,WE,test,2,5,1
3097,WE,test,3,3,1
3097,WE,test,4,3,1
3097,WE,test,5,5,1
3097,WE,test,6,5,1
3097,WE,test,7,5,1
3097,WE,test,8,5,1
3097,WE,test,9,5,1
3097,WE,test,10,5,1
3097,WE,test,11,5,1
3098,WE,test,1,5,1
3098,WE,test,2,5,1
3098,WE,test,3,3,1
3098,WE,test,4,3,1
3098,WE,test,5,5,1
3098,WE,test,6,5,1
3098,WE,test,7,5,1
3098,WE,test,8,5,1
3098,WE,test,9,5,1
3098,WE,test,10,5,1
3098,WE,test,11,5,1
3101,WE,test,1,5,1
3101,WE,test,2,5,1
3101,WE,test,3,3,1
3101,WE,test,4,3,1
3101,WE,test,5,5,0
3101,WE,test,6,5,0
3101,WE,test,7,5,0
3101,WE,test,8,5,1
3101,WE,test,9,5,1
3101,WE,test,10,5,0
3101,WE,test,11,5,1
3102,WE,test,1,5,1
3102,WE,test,2,5,1
3102,WE,test,3,3,0
3102,WE,test,4,3,0
3102,WE,test,5,5,0
3102,WE,test,6,5,1
3102,WE,test,7,5,1
3102,WE,test,8,5,1
3102,WE,test,9,5,1
3102,WE,test,10,5,1
3102,WE,test,11,5,1
3104,WE,test,1,5,1
3104,WE,test,2,5,1
3104,WE,test,3,3,1
3104,WE,test,4,3,1
3104,WE,test,5,5,1
3104,WE,test,6,5,1
3104,WE,test,7,5,1
3104,WE,test,8,5,1
3104,WE,test,9,5,1
3104,WE,test,10,5,1
3104,WE,test,11,5,0
3105,WE,test,1,5,0
3105,WE,test,2,5,1
3105,WE,test,3,3,1
3105,WE,test,4,3,1
3105,WE,test,5,5,1
3105,WE,test,6,5,1
3105,WE,test,7,5,1
3105,WE,test,8,5,1
3105,WE,test,9,5,1
3105,WE,test,10,5,1
3105,WE,test,11,5,1
3106,WE,test,1,5,1
3106,WE,test,2,5,1
3106,WE,test,3,3,1
3106,WE,test,4,3,0
3106,WE,test,5,5,0
3106,WE,test,6,5,1
3106,WE,test,7,5,1
3106,WE,test,8,5,1
3106,WE,test,9,5,1
3106,WE,test,10,5,1
3106,WE,test,11,5,1
3107,WE,test,1,5,0
3107,WE,test,2,5,0
3107,WE,test,3,3,0
3107,WE,test,4,3,0
3107,WE,test,5,5,0
3107,WE,test,6,5,0
3107,WE,test,7,5,0
3107,WE,test,8,5,0
3107,WE,test,9,5,0
3107,WE,test,10,5,1
3107,WE,test,11,5,0
3108,WE,test,1,5,0
3108,WE,test,2,5,1
3108,WE,test,3,3,1
3108,WE,test,4,3,1
3108,WE,test,5,5,1
3108,WE,test,6,5,1
3108,WE,test,7,5,1
3108,WE,test,8,5,1
3108,WE,test,9,5,0
3108,WE,test,10,5,0
3108,WE,test,11,5,0
3109,WE,test,1,5,0
3109,WE,test,2,5,0
3109,WE,test,3,3,0
3109,WE,test,4,3,0
3109,WE,test,5,5,0
3109,WE,test,6,5,0
3109,WE,test,7,5,0
3109,WE,test,8,5,0
3109,WE,test,9,5,0
3109,WE,test,10,5,0
3109,WE,test,11,5,0
3110,WE,test,1,5,1
3110,WE,test,2,5,1
3110,WE,test,3,3,1
3110,WE,test,4,3,0
3110,WE,test,5,5,0
3110,WE,test,6,5,0
3110,WE,test,7,5,0
3110,WE,test,8,5,1
3110,WE,test,9,5,1
3110,WE,test,10,5,0
3110,WE,test,11,5,1
3111,WE,test,1,5,1
3111,WE,test,2,5,1
3111,WE,test,3,3,1
3111,WE,test,4,3,1
3111,WE,test,5,5,0
3111,WE,test,6,5,1
3111,WE,test,7,5,1
3111,WE,test,8,5,1
3111,WE,test,9,5,1
3111,WE,test,10,5,1
3111,WE,test,11,5,1
3113,WE,test,1,5,0
3113,WE,test,2,5,0
3113,WE,test,3,3,0
3113,WE,test,4,3,0
3113,WE,test,5,5,0
3113,WE,test,6,5,0
3113,WE,test,7,5,0
3113,WE,test,8,5,1
3113,WE,test,9,5,1
3113,WE,test,10,5,0
3113,WE,test,11,5,1
3114,WE,test,1,5,1
3114,WE,test,2,5,1
3114,WE,test,3,3,1
3114,WE,test,4,3,1
3114,WE,test,5,5,0
3114,WE,test,6,5,0
3114,WE,test,7,5,0
3114,WE,test,8,5,1
3114,WE,test,9,5,1
3114,WE,test,10,5,1
3114,WE,test,11,5,1
3115,WE,test,1,5,0
3115,WE,test,2,5,1
3115,WE,test,3,3,1
3115,WE,test,4,3,1
3115,WE,test,5,5,1
3115,WE,test,6,5,1
3115,WE,test,7,5,1
3115,WE,test,8,5,1
3115,WE,test,9,5,1
3115,WE,test,10,5,1
3115,WE,test,11,5,1
3116,WE,test,1,5,1
3116,WE,test,2,5,1
3116,WE,test,3,3,1
3116,WE,test,4,3,1
3116,WE,test,5,5,1
3116,WE,test,6,5,1
3116,WE,test,7,5,1
3116,WE,test,8,5,1
3116,WE,test,9,5,1
3116,WE,test,10,5,1
3116,WE,test,11,5,1
3117,WE,test,1,5,1
3117,WE,test,2,5,1
3117,WE,test,3,3,1
3117,WE,test,4,3,1
3117,WE,test,5,5,1
3117,WE,test,6,5,1
3117,WE,test,7,5,1
3117,WE,test,8,5,1
3117,WE,test,9,5,1
3117,WE,test,10,5,0
3117,WE,test,11,5,1
3118,WE,test,1,5,0
3118,WE,test,2,5,0
3118,WE,test,3,3,0
3118,WE,test,4,3,0
3118,WE,test,5,5,0
3118,WE,test,6,5,0
3118,WE,test,7,5,0
3118,WE,test,8,5,0
3118,WE,test,9,5,0
3118,WE,test,10,5,0
3118,WE,test,11,5,0
3119,WE,test,1,5,1
3119,WE,test,2,5,1
3119,WE,test,3,3,1
3119,WE,test,4,3,1
3119,WE,test,5,5,1
3119,WE,test,6,5,1
3119,WE,test,7,5,1
3119,WE,test,8,5,1
3119,WE,test,9,5,1
3119,WE,test,10,5,1
3119,WE,test,11,5,1
3120,WE,test,1,5,0
3120,WE,test,2,5,1
3120,WE,test,3,3,1
3120,WE,test,4,3,1
3120,WE,test,5,5,0
3120,WE,test,6,5,1
3120,WE,test,7,5,1
3120,WE,test,8,5,1
3120,WE,test,9,5,1
3120,WE,test,10,5,1
3120,WE,test,11,5,1
3121,WE,test,1,5,0
3121,WE,test,2,5,0
3121,WE,test,3,3,0
3121,WE,test,4,3,0
3121,WE,test,5,5,0
3121,WE,test,6,5,0
3121,WE,test,7,5,0
3121,WE,test,8,5,0
3121,WE,test,9,5,0
3121,WE,test,10,5,0
3121,WE,test,11,5,0
3122,WE,test,1,5,0
3122,WE,test,2,5,1
3122,WE,test,3,3,1
3122,WE,test,4,3,1
3122,WE,test,5,5,0
3122,WE,test,6,5,0
3122,WE,test,7,5,0
3122,WE,test,8,5,1
3122,WE,test,9,5,1
3122,WE,test,10,5,1
3122,WE,test,11,5,1
2122,FB,test,1,5,0
2122,FB,test,2,5,0
2122,FB,test,3,3,0
2122,FB,test,4,3,0
2122,FB,test,5,5,0
2122,FB,test,6,5,0
2122,FB,test,7,5,0
2122,FB,test,8,5,0
2122,FB,test,9,5,0
2122,FB,test,10,5,0
2122,FB,test,11,5,0
2118,FB,test,1,5,0
2118,FB,test,2,5,0
2118,FB,test,3,3,0
2118,FB,test,4,3,0
2118,FB,test,5,5,0
2118,FB,test,6,5,1
2118,FB,test,7,5,1
2118,FB,test,8,5,1
2118,FB,test,9,5,1
2118,FB,test,10,5,1
2118,FB,test,11,5,1
2120,FB,test,1,5,1
2120,FB,test,2,5,1
2120,FB,test,3,3,1
2120,FB,test,4,3,1
2120,FB,test,5,5,1
2120,FB,test,6,5,1
2120,FB,test,7,5,1
2120,FB,test,8,5,1
2120,FB,test,9,5,1
2120,FB,test,10,5,1
2120,FB,test,11,5,1
3123,WE,test,1,5,1
3123,WE,test,2,5,1
3123,WE,test,3,3,1
3123,WE,test,4,3,0
3123,WE,test,5,5,1
3123,WE,test,6,5,1
3123,WE,test,7,5,1
3123,WE,test,8,5,1
3123,WE,test,9,5,1
3123,WE,test,10,5,0
3123,WE,test,11,5,1
1128,PS,test,1,5,1
1128,PS,test,2,5,1
1128,PS,test,3,3,1
1128,PS,test,4,3,1
1128,PS,test,5,5,1
1128,PS,test,6,5,1
1128,PS,test,7,5,1
1128,PS,test,8,5,1
1128,PS,test,9,5,1
1128,PS,test,10,5,0
1128,PS,test,11,5,1
1129,PS,test,1,5,1
1129,PS,test,2,5,0
1129,PS,test,3,3,0
1129,PS,test,4,3,0
1129,PS,test,5,5,1
1129,PS,test,6,5,1
1129,PS,test,7,5,1
1129,PS,test,8,5,1
1129,PS,test,9,5,1
1129,PS,test,10,5,1
1129,PS,test,11,5,1
2119,FB,test,1,5,0
2119,FB,test,2,5,1
2119,FB,test,3,3,1
2119,FB,test,4,3,1
2119,FB,test,5,5,1
2119,FB,test,6,5,1
2119,FB,test,7,5,1
2119,FB,test,8,5,0
2119,FB,test,9,5,1
2119,FB,test,10,5,1
2119,FB,test,11,5,1
2121,FB,test,1,5,1
2121,FB,test,2,5,1
2121,FB,test,3,3,1
2121,FB,test,4,3,1
2121,FB,test,5,5,1
2121,FB,test,6,5,1
2121,FB,test,7,5,1
2121,FB,test,8,5,1
2121,FB,test,9,5,1
2121,FB,test,10,5,1
2121,FB,test,11,5,1
2123,FB,test,1,5,1
2123,FB,test,2,5,0
2123,FB,test,3,3,0
2123,FB,test,4,3,0
2123,FB,test,5,5,0
2123,FB,test,6,5,1
2123,FB,test,7,5,1
2123,FB,test,8,5,0
2123,FB,test,9,5,1
2123,FB,test,10,5,1
2123,FB,test,11,5,1
3125,WE,test,1,5,1
3125,WE,test,2,5,0
3125,WE,test,3,3,1
3125,WE,test,4,3,1
3125,WE,test,5,5,0
3125,WE,test,6,5,0
3125,WE,test,7,5,0
3125,WE,test,8,5,1
3125,WE,test,9,5,1
3125,WE,test,10,5,0
3125,WE,test,11,5,1
3126,WE,test,1,5,1
3126,WE,test,2,5,1
3126,WE,test,3,3,1
3126,WE,test,4,3,0
3126,WE,test,5,5,0
3126,WE,test,6,5,1
3126,WE,test,7,5,0
3126,WE,test,8,5,1
3126,WE,test,9,5,1
3126,WE,test,10,5,0
3126,WE,test,11,5,1
3127,WE,test,1,5,0
3127,WE,test,2,5,0
3127,WE,test,3,3,1
3127,WE,test,4,3,1
3127,WE,test,5,5,0
3127,WE,test,6,5,0
3127,WE,test,7,5,0
3127,WE,test,8,5,1
3127,WE,test,9,5,1
3127,WE,test,10,5,0
3127,WE,test,11,5,0
3128,WE,test,1,5,0
3128,WE,test,2,5,0
3128,WE,test,3,3,0
3128,WE,test,4,3,0
3128,WE,test,5,5,0
3128,WE,test,6,5,0
3128,WE,test,7,5,0
3128,WE,test,8,5,1
3128,WE,test,9,5,0
3128,WE,test,10,5,0
3128,WE,test,11,5,0
1038,PS,test,1,5,1
1038,PS,test,2,5,1
1038,PS,test,3,3,1
1038,PS,test,4,3,0
1038,PS,test,5,5,1
1038,PS,test,6,5,1
1038,PS,test,7,5,1
1038,PS,test,8,5,1
1038,PS,test,9,5,1
1038,PS,test,10,5,1
1038,PS,test,11,5,1
1039,PS,test,1,5,1
1039,PS,test,2,5,1
1039,PS,test,3,3,0
1039,PS,test,4,3,0
1039,PS,test,5,5,0
1039,PS,test,6,5,1
1039,PS,test,7,5,1
1039,PS,test,8,5,0
1039,PS,test,9,5,1
1039,PS,test,10,5,1
1039,PS,test,11,5,1
1040,PS,test,1,5,1
1040,PS,test,2,5,1
1040,PS,test,3,3,1
1040,PS,test,4,3,1
1040,PS,test,5,5,0
1040,PS,test,6,5,1
1040,PS,test,7,5,1
1040,PS,test,8,5,1
1040,PS,test,9,5,1
1040,PS,test,10,5,0
1040,PS,test,11,5,1
1042,PS,test,1,5,0
1042,PS,test,2,5,1
1042,PS,test,3,3,1
1042,PS,test,4,3,1
1042,PS,test,5,5,1
1042,PS,test,6,5,1
1042,PS,test,7,5,1
1042,PS,test,8,5,1
1042,PS,test,9,5,1
1042,PS,test,10,5,1
1042,PS,test,11,5,1
1043,PS,test,1,5,1
1043,PS,test,2,5,1
1043,PS,test,3,3,1
1043,PS,test,4,3,1
1043,PS,test,5,5,1
1043,PS,test,6,5,1
1043,PS,test,7,5,1
1043,PS,test,8,5,1
1043,PS,test,9,5,1
1043,PS,test,10,5,1
1043,PS,test,11,5,1
1044,PS,test,1,5,0
1044,PS,test,2,5,0
1044,PS,test,3,3,0
1044,PS,test,4,3,0
1044,PS,test,5,5,0
1044,PS,test,6,5,0
1044,PS,test,7,5,0
1044,PS,test,8,5,0
1044,PS,test,9,5,0
1044,PS,test,10,5,0
1044,PS,test,11,5,0
1045,PS,test,1,5,1
1045,PS,test,2,5,1
1045,PS,test,3,3,1
1045,PS,test,4,3,1
1045,PS,test,5,5,1
1045,PS,test,6,5,1
1045,PS,test,7,5,1
1045,PS,test,8,5,1
1045,PS,test,9,5,1
1045,PS,test,10,5,1
1045,PS,test,11,5,1
1046,PS,test,1,5,0
1046,PS,test,2,5,0
1046,PS,test,3,3,0
1046,PS,test,4,3,0
1046,PS,test,5,5,0
1046,PS,test,6,5,0
1046,PS,test,7,5,0
1046,PS,test,8,5,0
1046,PS,test,9,5,0
1046,PS,test,10,5,0
1046,PS,test,11,5,0
1048,PS,test,1,5,0
1048,PS,test,2,5,1
1048,PS,test,3,3,1
1048,PS,test,4,3,1
1048,PS,test,5,5,1
1048,PS,test,6,5,1
1048,PS,test,7,5,1
1048,PS,test,8,5,1
1048,PS,test,9,5,1
1048,PS,test,10,5,0
1048,PS,test,11,5,1
1056,PS,test,1,5,1
1056,PS,test,2,5,1
1056,PS,test,3,3,1
1056,PS,test,4,3,1
1056,PS,test,5,5,1
1056,PS,test,6,5,1
1056,PS,test,7,5,1
1056,PS,test,8,5,1
1056,PS,test,9,5,1
1056,PS,test,10,5,1
1056,PS,test,11,5,1
1058,PS,test,1,5,1
1058,PS,test,2,5,1
1058,PS,test,3,3,1
1058,PS,test,4,3,1
1058,PS,test,5,5,1
1058,PS,test,6,5,1
1058,PS,test,7,5,1
1058,PS,test,8,5,0
1058,PS,test,9,5,1
1058,PS,test,10,5,1
1058,PS,test,11,5,1
1060,PS,test,1,5,0
1060,PS,test,2,5,1
1060,PS,test,3,3,1
1060,PS,test,4,3,1
1060,PS,test,5,5,0
1060,PS,test,6,5,1
1060,PS,test,7,5,1
1060,PS,test,8,5,1
1060,PS,test,9,5,1
1060,PS,test,10,5,1
1060,PS,test,11,5,1
1062,PS,test,1,5,1
1062,PS,test,2,5,1
1062,PS,test,3,3,1
1062,PS,test,4,3,1
1062,PS,test,5,5,0
1062,PS,test,6,5,1
1062,PS,test,7,5,1
1062,PS,test,8,5,1
1062,PS,test,9,5,1
1062,PS,test,10,5,1
1062,PS,test,11,5,1
1063,PS,test,1,5,1
1063,PS,test,2,5,1
1063,PS,test,3,3,1
1063,PS,test,4,3,1
1063,PS,test,5,5,1
1063,PS,test,6,5,1
1063,PS,test,7,5,1
1063,PS,test,8,5,1
1063,PS,test,9,5,1
1063,PS,test,10,5,1
1063,PS,test,11,5,1
1067,PS,test,1,5,1
1067,PS,test,2,5,1
1067,PS,test,3,3,1
1067,PS,test,4,3,1
1067,PS,test,5,5,1
1067,PS,test,6,5,1
1067,PS,test,7,5,1
1067,PS,test,8,5,1
1067,PS,test,9,5,1
1067,PS,test,10,5,1
1067,PS,test,11,5,1
1068,PS,test,1,5,1
1068,PS,test,2,5,1
1068,PS,test,3,3,0
1068,PS,test,4,3,0
1068,PS,test,5,5,1
1068,PS,test,6,5,1
1068,PS,test,7,5,1
1068,PS,test,8,5,1
1068,PS,test,9,5,1
1068,PS,test,10,5,1
1068,PS,test,11,5,1
1069,PS,test,1,5,0
1069,PS,test,2,5,0
1069,PS,test,3,3,0
1069,PS,test,4,3,0
1069,PS,test,5,5,0
1069,PS,test,6,5,0
1069,PS,test,7,5,0
1069,PS,test,8,5,0
1069,PS,test,9,5,0
1069,PS,test,10,5,0
1069,PS,test,11,5,0
1070,PS,test,1,5,1
1070,PS,test,2,5,1
1070,PS,test,3,3,0
1070,PS,test,4,3,0
1070,PS,test,5,5,1
1070,PS,test,6,5,1
1070,PS,test,7,5,1
1070,PS,test,8,5,1
1070,PS,test,9,5,1
1070,PS,test,10,5,1
1070,PS,test,11,5,1
1071,PS,test,1,5,0
1071,PS,test,2,5,0
1071,PS,test,3,3,0
1071,PS,test,4,3,0
1071,PS,test,5,5,0
1071,PS,test,6,5,0
1071,PS,test,7,5,0
1071,PS,test,8,5,0
1071,PS,test,9,5,0
1071,PS,test,10,5,0
1071,PS,test,11,5,0
1072,PS,test,1,5,1
1072,PS,test,2,5,0
1072,PS,test,3,3,1
1072,PS,test,4,3,0
1072,PS,test,5,5,1
1072,PS,test,6,5,1
1072,PS,test,7,5,1
1072,PS,test,8,5,0
1072,PS,test,9,5,1
1072,PS,test,10,5,1
1072,PS,test,11,5,1
1073,PS,test,1,5,1
1073,PS,test,2,5,1
1073,PS,test,3,3,0
1073,PS,test,4,3,0
1073,PS,test,5,5,1
1073,PS,test,6,5,1
1073,PS,test,7,5,1
1073,PS,test,8,5,1
1073,PS,test,9,5,1
1073,PS,test,10,5,1
1073,PS,test,11,5,1
1074,PS,test,1,5,1
1074,PS,test,2,5,1
1074,PS,test,3,3,1
1074,PS,test,4,3,0
1074,PS,test,5,5,1
1074,PS,test,6,5,1
1074,PS,test,7,5,1
1074,PS,test,8,5,0
1074,PS,test,9,5,1
1074,PS,test,10,5,1
1074,PS,test,11,5,1
1075,PS,test,1,5,0
1075,PS,test,2,5,0
1075,PS,test,3,3,1
1075,PS,test,4,3,0
1075,PS,test,5,5,0
1075,PS,test,6,5,0
1075,PS,test,7,5,0
1075,PS,test,8,5,1
1075,PS,test,9,5,1
1075,PS,test,10,5,1
1075,PS,test,11,5,1
1076,PS,test,1,5,1
1076,PS,test,2,5,1
1076,PS,test,3,3,1
1076,PS,test,4,3,1
1076,PS,test,5,5,1
1076,PS,test,6,5,1
1076,PS,test,7,5,1
1076,PS,test,8,5,1
1076,PS,test,9,5,1
1076,PS,test,10,5,1
1076,PS,test,11,5,1
1079,PS,test,1,5,1
1079,PS,test,2,5,0
1079,PS,test,3,3,0
1079,PS,test,4,3,0
1079,PS,test,5,5,0
1079,PS,test,6,5,1
1079,PS,test,7,5,1
1079,PS,test,8,5,1
1079,PS,test,9,5,0
1079,PS,test,10,5,1
1079,PS,test,11,5,1
1080,PS,test,1,5,1
1080,PS,test,2,5,0
1080,PS,test,3,3,1
1080,PS,test,4,3,1
1080,PS,test,5,5,1
1080,PS,test,6,5,1
1080,PS,test,7,5,1
1080,PS,test,8,5,1
1080,PS,test,9,5,1
1080,PS,test,10,5,1
1080,PS,test,11,5,1
1081,PS,test,1,5,1
1081,PS,test,2,5,0
1081,PS,test,3,3,1
1081,PS,test,4,3,1
1081,PS,test,5,5,1
1081,PS,test,6,5,0
1081,PS,test,7,5,1
1081,PS,test,8,5,1
1081,PS,test,9,5,1
1081,PS,test,10,5,1
1081,PS,test,11,5,1
1082,PS,test,1,5,1
1082,PS,test,2,5,1
1082,PS,test,3,3,1
1082,PS,test,4,3,1
1082,PS,test,5,5,1
1082,PS,test,6,5,1
1082,PS,test,7,5,1
1082,PS,test,8,5,1
1082,PS,test,9,5,1
1082,PS,test,10,5,1
1082,PS,test,11,5,1
1083,PS,test,1,5,1
1083,PS,test,2,5,1
1083,PS,test,3,3,1
1083,PS,test,4,3,1
1083,PS,test,5,5,0
1083,PS,test,6,5,1
1083,PS,test,7,5,1
1083,PS,test,8,5,1
1083,PS,test,9,5,1
1083,PS,test,10,5,1
1083,PS,test,11,5,1
1084,PS,test,1,5,1
1084,PS,test,2,5,1
1084,PS,test,3,3,1
1084,PS,test,4,3,1
1084,PS,test,5,5,1
1084,PS,test,6,5,0
1084,PS,test,7,5,1
1084,PS,test,8,5,1
1084,PS,test,9,5,1
1084,PS,test,10,5,1
1084,PS,test,11,5,1
1085,PS,test,1,5,1
1085,PS,test,2,5,1
1085,PS,test,3,3,0
1085,PS,test,4,3,1
1085,PS,test,5,5,0
1085,PS,test,6,5,0
1085,PS,test,7,5,1
1085,PS,test,8,5,1
1085,PS,test,9,5,1
1085,PS,test,10,5,0
1085,PS,test,11,5,1
1086,PS,test,1,5,0
1086,PS,test,2,5,0
1086,PS,test,3,3,1
1086,PS,test,4,3,0
1086,PS,test,5,5,0
1086,PS,test,6,5,1
1086,PS,test,7,5,1
1086,PS,test,8,5,0
1086,PS,test,9,5,1
1086,PS,test,10,5,1
1086,PS,test,11,5,1
1087,PS,test,1,5,0
1087,PS,test,2,5,0
1087,PS,test,3,3,0
1087,PS,test,4,3,0
1087,PS,test,5,5,0
1087,PS,test,6,5,0
1087,PS,test,7,5,0
1087,PS,test,8,5,0
1087,PS,test,9,5,0
1087,PS,test,10,5,0
1087,PS,test,11,5,0
1088,PS,test,1,5,1
1088,PS,test,2,5,1
1088,PS,test,3,3,1
1088,PS,test,4,3,1
1088,PS,test,5,5,0
1088,PS,test,6,5,1
1088,PS,test,7,5,1
1088,PS,test,8,5,1
1088,PS,test,9,5,1
1088,PS,test,10,5,1
1088,PS,test,11,5,1
1089,PS,test,1,5,0
1089,PS,test,2,5,0
1089,PS,test,3,3,0
1089,PS,test,4,3,0
1089,PS,test,5,5,0
1089,PS,test,6,5,0
1089,PS,test,7,5,0
1089,PS,test,8,5,0
1089,PS,test,9,5,0
1089,PS,test,10,5,0
1089,PS,test,11,5,0
1090,PS,test,1,5,1
1090,PS,test,2,5,1
1090,PS,test,3,3,1
1090,PS,test,4,3,1
1090,PS,test,5,5,1
1090,PS,test,6,5,1
1090,PS,test,7,5,1
1090,PS,test,8,5,1
1090,PS,test,9,5,1
1090,PS,test,10,5,0
1090,PS,test,11,5,1
1091,PS,test,1,5,1
1091,PS,test,2,5,1
1091,PS,test,3,3,0
1091,PS,test,4,3,0
1091,PS,test,5,5,1
1091,PS,test,6,5,1
1091,PS,test,7,5,1
1091,PS,test,8,5,0
1091,PS,test,9,5,1
1091,PS,test,10,5,1
1091,PS,test,11,5,1
1092,PS,test,1,5,1
1092,PS,test,2,5,0
1092,PS,test,3,3,0
1092,PS,test,4,3,0
1092,PS,test,5,5,0
1092,PS,test,6,5,1
1092,PS,test,7,5,1
1092,PS,test,8,5,0
1092,PS,test,9,5,1
1092,PS,test,10,5,1
1092,PS,test,11,5,1
1094,PS,test,1,5,1
1094,PS,test,2,5,1
1094,PS,test,3,3,1
1094,PS,test,4,3,1
1094,PS,test,5,5,1
1094,PS,test,6,5,1
1094,PS,test,7,5,1
1094,PS,test,8,5,1
1094,PS,test,9,5,1
1094,PS,test,10,5,1
1094,PS,test,11,5,1
1096,PS,test,1,5,0
1096,PS,test,2,5,0
1096,PS,test,3,3,0
1096,PS,test,4,3,0
1096,PS,test,5,5,0
1096,PS,test,6,5,0
1096,PS,test,7,5,0
1096,PS,test,8,5,0
1096,PS,test,9,5,0
1096,PS,test,10,5,0
1096,PS,test,11,5,0
1097,PS,test,1,5,1
1097,PS,test,2,5,1
1097,PS,test,3,3,1
1097,PS,test,4,3,1
1097,PS,test,5,5,0
1097,PS,test,6,5,1
1097,PS,test,7,5,1
1097,PS,test,8,5,1
1097,PS,test,9,5,1
1097,PS,test,10,5,1
1097,PS,test,11,5,1
1098,PS,test,1,5,0
1098,PS,test,2,5,0
1098,PS,test,3,3,0
1098,PS,test,4,3,0
1098,PS,test,5,5,0
1098,PS,test,6,5,0
1098,PS,test,7,5,0
1098,PS,test,8,5,0
1098,PS,test,9,5,0
1098,PS,test,10,5,0
1098,PS,test,11,5,0
1099,PS,test,1,5,1
1099,PS,test,2,5,1
1099,PS,test,3,3,1
1099,PS,test,4,3,1
1099,PS,test,5,5,0
1099,PS,test,6,5,1
1099,PS,test,7,5,1
1099,PS,test,8,5,1
1099,PS,test,9,5,1
1099,PS,test,10,5,1
1099,PS,test,11,5,1
1101,PS,test,1,5,1
1101,PS,test,2,5,1
1101,PS,test,3,3,1
1101,PS,test,4,3,1
1101,PS,test,5,5,0
1101,PS,test,6,5,0
1101,PS,test,7,5,1
1101,PS,test,8,5,1
1101,PS,test,9,5,1
1101,PS,test,10,5,1
1101,PS,test,11,5,1
1102,PS,test,1,5,1
1102,PS,test,2,5,1
1102,PS,test,3,3,1
1102,PS,test,4,3,1
1102,PS,test,5,5,0
1102,PS,test,6,5,1
1102,PS,test,7,5,1
1102,PS,test,8,5,0
1102,PS,test,9,5,1
1102,PS,test,10,5,1
1102,PS,test,11,5,1
1103,PS,test,1,5,1
1103,PS,test,2,5,1
1103,PS,test,3,3,1
1103,PS,test,4,3,1
1103,PS,test,5,5,0
1103,PS,test,6,5,1
1103,PS,test,7,5,1
1103,PS,test,8,5,1
1103,PS,test,9,5,1
1103,PS,test,10,5,1
1103,PS,test,11,5,1
1104,PS,test,1,5,1
1104,PS,test,2,5,1
1104,PS,test,3,3,1
1104,PS,test,4,3,1
1104,PS,test,5,5,1
1104,PS,test,6,5,0
1104,PS,test,7,5,0
1104,PS,test,8,5,1
1104,PS,test,9,5,1
1104,PS,test,10,5,0
1104,PS,test,11,5,1
1105,PS,test,1,5,1
1105,PS,test,2,5,1
1105,PS,test,3,3,1
1105,PS,test,4,3,1
1105,PS,test,5,5,0
1105,PS,test,6,5,1
1105,PS,test,7,5,1
1105,PS,test,8,5,1
1105,PS,test,9,5,1
1105,PS,test,10,5,1
1105,PS,test,11,5,1
1106,PS,test,1,5,1
1106,PS,test,2,5,1
1106,PS,test,3,3,0
1106,PS,test,4,3,0
1106,PS,test,5,5,1
1106,PS,test,6,5,1
1106,PS,test,7,5,1
1106,PS,test,8,5,1
1106,PS,test,9,5,1
1106,PS,test,10,5,1
1106,PS,test,11,5,1
1107,PS,test,1,5,0
1107,PS,test,2,5,1
1107,PS,test,3,3,1
1107,PS,test,4,3,1
1107,PS,test,5,5,1
1107,PS,test,6,5,1
1107,PS,test,7,5,1
1107,PS,test,8,5,0
1107,PS,test,9,5,1
1107,PS,test,10,5,1
1107,PS,test,11,5,0
1109,PS,test,1,5,0
1109,PS,test,2,5,1
1109,PS,test,3,3,0
1109,PS,test,4,3,1
1109,PS,test,5,5,1
1109,PS,test,6,5,1
1109,PS,test,7,5,1
1109,PS,test,8,5,1
1109,PS,test,9,5,0
1109,PS,test,10,5,1
1109,PS,test,11,5,1
1110,PS,test,1,5,1
1110,PS,test,2,5,1
1110,PS,test,3,3,1
1110,PS,test,4,3,1
1110,PS,test,5,5,0
1110,PS,test,6,5,1
1110,PS,test,7,5,1
1110,PS,test,8,5,1
1110,PS,test,9,5,1
1110,PS,test,10,5,1
1110,PS,test,11,5,1
1111,PS,test,1,5,0
1111,PS,test,2,5,1
1111,PS,test,3,3,0
1111,PS,test,4,3,0
1111,PS,test,5,5,0
1111,PS,test,6,5,1
1111,PS,test,7,5,1
1111,PS,test,8,5,1
1111,PS,test,9,5,1
1111,PS,test,10,5,1
1111,PS,test,11,5,1
1112,PS,test,1,5,1
1112,PS,test,2,5,1
1112,PS,test,3,3,1
1112,PS,test,4,3,1
1112,PS,test,5,5,1
1112,PS,test,6,5,1
1112,PS,test,7,5,1
1112,PS,test,8,5,1
1112,PS,test,9,5,1
1112,PS,test,10,5,1
1112,PS,test,11,5,1
1113,PS,test,1,5,0
1113,PS,test,2,5,0
1113,PS,test,3,3,0
1113,PS,test,4,3,0
1113,PS,test,5,5,0
1113,PS,test,6,5,0
1113,PS,test,7,5,1
1113,PS,test,8,5,0
1113,PS,test,9,5,1
1113,PS,test,10,5,1
1113,PS,test,11,5,1
1114,PS,test,1,5,0
1114,PS,test,2,5,0
1114,PS,test,3,3,0
1114,PS,test,4,3,0
1114,PS,test,5,5,0
1114,PS,test,6,5,0
1114,PS,test,7,5,0
1114,PS,test,8,5,0
1114,PS,test,9,5,0
1114,PS,test,10,5,0
1114,PS,test,11,5,0
1115,PS,test,1,5,1
1115,PS,test,2,5,1
1115,PS,test,3,3,1
1115,PS,test,4,3,1
1115,PS,test,5,5,1
1115,PS,test,6,5,1
1115,PS,test,7,5,1
1115,PS,test,8,5,1
1115,PS,test,9,5,1
1115,PS,test,10,5,1
1115,PS,test,11,5,1
1116,PS,test,1,5,0
1116,PS,test,2,5,0
1116,PS,test,3,3,1
1116,PS,test,4,3,1
1116,PS,test,5,5,0
1116,PS,test,6,5,0
1116,PS,test,7,5,0
1116,PS,test,8,5,0
1116,PS,test,9,5,0
1116,PS,test,10,5,1
1116,PS,test,11,5,0
1117,PS,test,1,5,1
1117,PS,test,2,5,1
1117,PS,test,3,3,1
1117,PS,test,4,3,1
1117,PS,test,5,5,0
1117,PS,test,6,5,1
1117,PS,test,7,5,1
1117,PS,test,8,5,1
1117,PS,test,9,5,1
1117,PS,test,10,5,1
1117,PS,test,11,5,1
1118,PS,test,1,5,0
1118,PS,test,2,5,0
1118,PS,test,3,3,0
1118,PS,test,4,3,0
1118,PS,test,5,5,0
1118,PS,test,6,5,1
1118,PS,test,7,5,1
1118,PS,test,8,5,0
1118,PS,test,9,5,1
1118,PS,test,10,5,1
1118,PS,test,11,5,1
1119,PS,test,1,5,1
1119,PS,test,2,5,0
1119,PS,test,3,3,1
1119,PS,test,4,3,1
1119,PS,test,5,5,1
1119,PS,test,6,5,1
1119,PS,test,7,5,1
1119,PS,test,8,5,1
1119,PS,test,9,5,1
1119,PS,test,10,5,1
1119,PS,test,11,5,1
1121,PS,test,1,5,1
1121,PS,test,2,5,1
1121,PS,test,3,3,1
1121,PS,test,4,3,1
1121,PS,test,5,5,1
1121,PS,test,6,5,1
1121,PS,test,7,5,1
1121,PS,test,8,5,1
1121,PS,test,9,5,1
1121,PS,test,10,5,1
1121,PS,test,11,5,1
1122,PS,test,1,5,1
1122,PS,test,2,5,1
1122,PS,test,3,3,1
1122,PS,test,4,3,1
1122,PS,test,5,5,1
1122,PS,test,6,5,1
1122,PS,test,7,5,1
1122,PS,test,8,5,1
1122,PS,test,9,5,1
1122,PS,test,10,5,1
1122,PS,test,11,5,1
1123,PS,test,1,5,0
1123,PS,test,2,5,0
1123,PS,test,3,3,0
1123,PS,test,4,3,0
1123,PS,test,5,5,0
1123,PS,test,6,5,0
1123,PS,test,7,5,0
1123,PS,test,8,5,0
1123,PS,test,9,5,0
1123,PS,test,10,5,1
1123,PS,test,11,5,0
1124,PS,test,1,5,0
1124,PS,test,2,5,1
1124,PS,test,3,3,1
1124,PS,test,4,3,0
1124,PS,test,5,5,1
1124,PS,test,6,5,1
1124,PS,test,7,5,0
1124,PS,test,8,5,0
1124,PS,test,9,5,1
1124,PS,test,10,5,1
1124,PS,test,11,5,1
1125,PS,test,1,5,1
1125,PS,test,2,5,1
1125,PS,test,3,3,1
1125,PS,test,4,3,1
1125,PS,test,5,5,1
1125,PS,test,6,5,0
1125,PS,test,7,5,1
1125,PS,test,8,5,1
1125,PS,test,9,5,1
1125,PS,test,10,5,1
1125,PS,test,11,5,1
1126,PS,test,1,5,1
1126,PS,test,2,5,1
1126,PS,test,3,3,1
1126,PS,test,4,3,1
1126,PS,test,5,5,1
1126,PS,test,6,5,1
1126,PS,test,7,5,1
1126,PS,test,8,5,1
1126,PS,test,9,5,1
1126,PS,test,10,5,1
1126,PS,test,11,5,1
1127,PS,test,1,5,0
1127,PS,test,2,5,0
1127,PS,test,3,3,1
1127,PS,test,4,3,1
1127,PS,test,5,5,0
1127,PS,test,6,5,1
1127,PS,test,7,5,1
1127,PS,test,8,5,1
1127,PS,test,9,5,1
1127,PS,test,10,5,0
1127,PS,test,11,5,0
2124,FB,practice,2,5,0
2124,FB,practice,3,5,0
2124,FB,practice,4,5,0
2127,FB,practice,2,5,1
2127,FB,practice,3,5,0
2127,FB,practice,4,5,1
2124,FB,test,1,5,0
2124,FB,test,2,5,0
2124,FB,test,3,3,0
2124,FB,test,4,3,0
2124,FB,test,5,5,0
2124,FB,test,6,5,0
2124,FB,test,7,5,0
2124,FB,test,8,5,0
2124,FB,test,9,5,0
2124,FB,test,10,5,1
2124,FB,test,11,5,0
2127,FB,test,1,5,1
2127,FB,test,2,5,1
2127,FB,test,3,3,1
2127,FB,test,4,3,1
2127,FB,test,5,5,1
2127,FB,test,6,5,1
2127,FB,test,7,5,1
2127,FB,test,8,5,1
2127,FB,test,9,5,1
2127,FB,test,10,5,1
2127,FB,test,11,5,1
2110,FB,test,1,5,1
2110,FB,test,2,5,1
2110,FB,test,3,3,1
2110,FB,test,4,3,1
2110,FB,test,5,5,1
2110,FB,test,6,5,1
2110,FB,test,7,5,1
2110,FB,test,8,5,1
2110,FB,test,9,5,1
2110,FB,test,10,5,1
2110,FB,test,11,5,1
